Credit URL Caption Type exptID 
"Rothamsted VCU" "http://www.era.rothamsted.ac.uk/images/metadata/NorthWyke/FPLandUse.jpg" "FPLandUse" "Other" "NorthWyke" 
"Rothamsted VCU" "http://www.era.rothamsted.ac.uk/images/metadata/NorthWyke/FPmap-Nov13-ty.png" "FPmap-Nov13-ty.png" "Other" "NorthWyke" 
"Rothamsted VCU" "http://www.era.rothamsted.ac.uk/images/metadata/NorthWyke/FPmap-Nov13.pdf" "FPmap-Nov13.pdf" "Other" "NorthWyke" 
"Rothamsted VCU" "http://www.era.rothamsted.ac.uk/images/metadata/NorthWyke/NWFPmap.pdf" "NWFPmap.pdf" "Other" "NorthWyke" 
"Rothamsted VCU" "http://www.era.rothamsted.ac.uk/images/metadata/NorthWyke/NWFPmap.png" "NWFPmap.png" "Other" "NorthWyke" 
"Rothamsted VCU" "http://www.era.rothamsted.ac.uk/images/metadata/NorthWyke/chambers.jpg" "chambers" "Other" "NorthWyke" 
"Rothamsted VCU" "http://www.era.rothamsted.ac.uk/images/metadata/NorthWyke/eweslambs.jpg" "eweslambs" "Other" "NorthWyke" 
"Rothamsted VCU" "http://www.era.rothamsted.ac.uk/images/metadata/NorthWyke/flumelab.jpg" "flumelab" "Other" "NorthWyke" 
"Rothamsted VCU" "http://www.era.rothamsted.ac.uk/images/metadata/NorthWyke/flumeswaterflow.jpg" "flumeswaterflow" "Other" "NorthWyke" 
"Rothamsted VCU" "http://www.era.rothamsted.ac.uk/images/metadata/NorthWyke/herbage.jpg" "herbage" "Other" "NorthWyke" 
"Rothamsted VCU" "http://www.era.rothamsted.ac.uk/images/metadata/NorthWyke/measurestation.jpg" "measurestation" "Other" "NorthWyke" 
"Rothamsted VCU" "http://www.era.rothamsted.ac.uk/images/metadata/NorthWyke/old-NWFPmap.png" "old-NWFPmap.png" "Other" "NorthWyke" 
"Rothamsted VCU" "http://www.era.rothamsted.ac.uk/images/metadata/NorthWyke/ty-NWFPmap.png" "ty-NWFPmap.png" "Other" "NorthWyke" 
"Rothamsted VCU" "http://www.era.rothamsted.ac.uk/images/metadata/NorthWyke/ty-chambers.jpg" "ty-chambers" "Other" "NorthWyke" 
"Rothamsted VCU" "http://www.era.rothamsted.ac.uk/images/metadata/NorthWyke/ty-eweslambs.jpg" "ty-eweslambs" "Other" "NorthWyke" 
"Rothamsted VCU" "http://www.era.rothamsted.ac.uk/images/metadata/NorthWyke/ty-flumelab.jpg" "ty-flumelab" "Other" "NorthWyke" 
"Rothamsted VCU" "http://www.era.rothamsted.ac.uk/images/metadata/NorthWyke/ty-flumeswaterflow.jpg" "ty-flumeswaterflow" "Other" "NorthWyke" 
"Rothamsted VCU" "http://www.era.rothamsted.ac.uk/images/metadata/NorthWyke/ty-herbage.jpg" "ty-herbage" "Other" "NorthWyke" 
"Rothamsted VCU" "http://www.era.rothamsted.ac.uk/images/metadata/NorthWyke/ty-measurestation.jpg" "ty-measurestation" "Other" "NorthWyke" 
"Rothamsted VCU" "http://www.era.rothamsted.ac.uk/images/metadata/NorthWyke/ty-yearlingcattle.jpg" "ty-yearlingcattle" "Other" "NorthWyke" 
"Rothamsted VCU" "http://www.era.rothamsted.ac.uk/images/metadata/NorthWyke/yearlingcattle.jpg" "yearlingcattle" "Other" "NorthWyke" 

"Rothamsted VCU" "http://www.era.rothamsted.ac.uk/images/metadata/Woburn/5472-Aerial-Images-2015-Woburn-Fields-Stackyard-08.jpg" "5472-Aerial-Images-2015-Woburn-Fields-Stackyard-08" "Other" "Woburn" 
"Rothamsted VCU" "http://www.era.rothamsted.ac.uk/images/metadata/Woburn/Woburn-Farm-Fields-Map-2009.pdf" "Woburn-Farm-Fields-Map-2009.pdf" "Other" "Woburn" 
"Rothamsted VCU" "http://www.era.rothamsted.ac.uk/images/metadata/Woburn/Woburn-Farm-map-750.jpg" "Woburn-Farm-map-750" "Other" "Woburn" 
"Rothamsted VCU" "http://www.era.rothamsted.ac.uk/images/metadata/Woburn/Woburn-LTEs-750.jpg" "Woburn-LTEs-750" "Other" "Woburn" 
"Rothamsted VCU" "http://www.era.rothamsted.ac.uk/images/metadata/Woburn/Woburn-farm-field-plan-green.pdf" "Woburn-farm-field-plan-green.pdf" "Other" "Woburn" 
"Rothamsted VCU" "http://www.era.rothamsted.ac.uk/images/metadata/Woburn/Woburn-farm-soil-series-map.pdf" "Woburn-farm-soil-series-map.pdf" "Other" "Woburn" 
"Rothamsted VCU" "http://www.era.rothamsted.ac.uk/images/metadata/Woburn/Woburn-farm-soil-texture-map.pdf" "Woburn-farm-soil-texture-map.pdf" "Other" "Woburn" 
"Rothamsted VCU" "http://www.era.rothamsted.ac.uk/images/metadata/Woburn/Woburn-ley-arable-675.jpg" "Woburn-ley-arable-675" "Other" "Woburn" 
"Rothamsted VCU" "http://www.era.rothamsted.ac.uk/images/metadata/Woburn/WoburnSoils.jpg" "WoburnSoils" "Other" "Woburn" 
"Rothamsted VCU" "http://www.era.rothamsted.ac.uk/images/metadata/Woburn/ty-Woburn-Farm-map-100.jpg" "ty-Woburn-Farm-map-100" "Other" "Woburn" 
"Rothamsted VCU" "http://www.era.rothamsted.ac.uk/images/metadata/Woburn/ty-Woburn-LTEs-100.jpg" "ty-Woburn-LTEs-100" "Other" "Woburn" 
"Rothamsted VCU" "http://www.era.rothamsted.ac.uk/images/metadata/Woburn/woburn2.jpg" "woburn2" "Other" "Woburn" 

"Rothamsted VCU" "http://www.era.rothamsted.ac.uk/images/metadata/met/1623-map.jpg" "1623-map" "Other" "met" 
"Rothamsted VCU" "http://www.era.rothamsted.ac.uk/images/metadata/met/2011-new-thousand-acre-gauge-23-03-2011.jpg" "2011-new-thousand-acre-gauge-23-03-2011" "Other" "met" 
"Rothamsted VCU" "http://www.era.rothamsted.ac.uk/images/metadata/met/2013-Ploughing-Broadbalk.jpg" "2013-Ploughing-Broadbalk" "Other" "met" 
"Rothamsted VCU" "http://www.era.rothamsted.ac.uk/images/metadata/met/5raingaugeandturfwall.jpg" "5raingaugeandturfwall" "Other" "met" 
"Rothamsted VCU" "http://www.era.rothamsted.ac.uk/images/metadata/met/Daily-weather-recording.jpg" "Daily-weather-recording" "Other" "met" 
"Rothamsted VCU" "http://www.era.rothamsted.ac.uk/images/metadata/met/InsideStevenson.jpg" "InsideStevenson" "Other" "met" 
"Rothamsted VCU" "http://www.era.rothamsted.ac.uk/images/metadata/met/MetApplicationapplication-workflow.pdf" "MetApplicationapplication-workflow.pdf" "Other" "met" 
"Rothamsted VCU" "http://www.era.rothamsted.ac.uk/images/metadata/met/MetStation.jpg" "MetStation" "Other" "met" 
"Rothamsted VCU" "http://www.era.rothamsted.ac.uk/images/metadata/met/Question-sheet-Measuring-the-weather-at-Rothamsted.pdf" "Question-sheet-Measuring-the-weather-at-Rothamsted.pdf" "Other" "met" 
"Rothamsted VCU" "http://www.era.rothamsted.ac.uk/images/metadata/met/RES-rain-gauge.jpg" "RES-rain-gauge" "Other" "met" 
"Rothamsted VCU" "http://www.era.rothamsted.ac.uk/images/metadata/met/RES-sun-recorder.jpg" "RES-sun-recorder" "Other" "met" 
"Rothamsted VCU" "http://www.era.rothamsted.ac.uk/images/metadata/met/RES-thermometers.jpg" "RES-thermometers" "Other" "met" 
"Rothamsted VCU" "http://www.era.rothamsted.ac.uk/images/metadata/met/RES-wind-tower.jpg" "RES-wind-tower" "Other" "met" 
"Rothamsted VCU" "http://www.era.rothamsted.ac.uk/images/metadata/met/Raingaugebelow40.jpg" "Raingaugebelow40" "Other" "met" 
"Rothamsted VCU" "http://www.era.rothamsted.ac.uk/images/metadata/met/Rainy-Days.jpg" "Rainy-Days" "Other" "met" 
"Rothamsted VCU" "http://www.era.rothamsted.ac.uk/images/metadata/met/Rainy-day.jpg" "Rainy-day" "Other" "met" 
"Rothamsted VCU" "http://www.era.rothamsted.ac.uk/images/metadata/met/RothGEtempprobes.jpg" "RothGEtempprobes" "Other" "met" 
"Rothamsted VCU" "http://www.era.rothamsted.ac.uk/images/metadata/met/RothStevensonScreen.jpg" "RothStevensonScreen" "Other" "met" 
"Rothamsted VCU" "http://www.era.rothamsted.ac.uk/images/metadata/met/Rothamsted-misty-day.jpg" "Rothamsted-misty-day" "Other" "met" 
"Rothamsted VCU" "http://www.era.rothamsted.ac.uk/images/metadata/met/Rothamsted-snowy-day.jpg" "Rothamsted-snowy-day" "Other" "met" 
"Rothamsted VCU" "http://www.era.rothamsted.ac.uk/images/metadata/met/Rothamsted-sunny-day.jpg" "Rothamsted-sunny-day" "Other" "met" 
"Rothamsted VCU" "http://www.era.rothamsted.ac.uk/images/metadata/met/Rothamsted-windy-day-2.jpg" "Rothamsted-windy-day-2" "Other" "met" 
"Rothamsted VCU" "http://www.era.rothamsted.ac.uk/images/metadata/met/Rothamsted-windy-day.jpg" "Rothamsted-windy-day" "Other" "met" 
"Rothamsted VCU" "http://www.era.rothamsted.ac.uk/images/metadata/met/Rothgrassmin.jpg" "Rothgrassmin" "Other" "met" 
"Rothamsted VCU" "http://www.era.rothamsted.ac.uk/images/metadata/met/Soildrains.jpg" "Soildrains" "Other" "met" 
"Rothamsted VCU" "http://www.era.rothamsted.ac.uk/images/metadata/met/Weather-Reports-2007.pdf" "Weather-Reports-2007.pdf" "Other" "met" 
"Rothamsted VCU" "http://www.era.rothamsted.ac.uk/images/metadata/met/Weather-Reports-2008.pdf" "Weather-Reports-2008.pdf" "Other" "met" 
"Rothamsted VCU" "http://www.era.rothamsted.ac.uk/images/metadata/met/Weather-Reports-2009.pdf" "Weather-Reports-2009.pdf" "Other" "met" 
"Rothamsted VCU" "http://www.era.rothamsted.ac.uk/images/metadata/met/Weather-Reports-2010.pdf" "Weather-Reports-2010.pdf" "Other" "met" 
"Rothamsted VCU" "http://www.era.rothamsted.ac.uk/images/metadata/met/Weather-Reports-2011.pdf" "Weather-Reports-2011.pdf" "Other" "met" 
"Rothamsted VCU" "http://www.era.rothamsted.ac.uk/images/metadata/met/Weather-Reports-2012.pdf" "Weather-Reports-2012.pdf" "Other" "met" 
"Rothamsted VCU" "http://www.era.rothamsted.ac.uk/images/metadata/met/Weather-Reports-2013.pdf" "Weather-Reports-2013.pdf" "Other" "met" 
"Rothamsted VCU" "http://www.era.rothamsted.ac.uk/images/metadata/met/Weather-Reports-2014.pdf" "Weather-Reports-2014.pdf" "Other" "met" 
"Rothamsted VCU" "http://www.era.rothamsted.ac.uk/images/metadata/met/Weather-Reports-2015.pdf" "Weather-Reports-2015.pdf" "Other" "met" 
"Rothamsted VCU" "http://www.era.rothamsted.ac.uk/images/metadata/met/Weather-Reports-2016.pdf" "Weather-Reports-2016.pdf" "Other" "met" 
"Rothamsted VCU" "http://www.era.rothamsted.ac.uk/images/metadata/met/WindInstruments.jpg" "WindInstruments" "Other" "met" 
"Rothamsted VCU" "http://www.era.rothamsted.ac.uk/images/metadata/met/WindInstrumentscloseup.jpg" "WindInstrumentscloseup" "Other" "met" 
"Rothamsted VCU" "http://www.era.rothamsted.ac.uk/images/metadata/met/anemometer.gif" "anemometer.gif" "Other" "met" 
"Rothamsted VCU" "http://www.era.rothamsted.ac.uk/images/metadata/met/met.jpg" "met" "Other" "met" 
"Rothamsted VCU" "http://www.era.rothamsted.ac.uk/images/metadata/met/met2.jpg" "met2" "Other" "met" 
"Rothamsted VCU" "http://www.era.rothamsted.ac.uk/images/metadata/met/misty-day-Rothamsted.jpg" "misty-day-Rothamsted" "Other" "met" 
"Rothamsted VCU" "http://www.era.rothamsted.ac.uk/images/metadata/met/new-thousandth-acre-gauge.jpg" "new-thousandth-acre-gauge" "Other" "met" 
"Rothamsted VCU" "http://www.era.rothamsted.ac.uk/images/metadata/met/rain-gauge.jpg" "rain-gauge" "Other" "met" 
"Rothamsted VCU" "http://www.era.rothamsted.ac.uk/images/metadata/met/rainbow-ianfrancis.jpg" "rainbow-ianfrancis" "Other" "met" 
"Rothamsted VCU" "http://www.era.rothamsted.ac.uk/images/metadata/met/rainbow.jpg" "rainbow" "Other" "met" 
"Rothamsted VCU" "http://www.era.rothamsted.ac.uk/images/metadata/met/rainy-day-at-Rothamsted.tif" "rainy-day-at-Rothamsted.tif" "Other" "met" 
"Rothamsted VCU" "http://www.era.rothamsted.ac.uk/images/metadata/met/rainy-day-at-Rothamsted2.PNG" "rainy-day-at-Rothamsted2.PNG" "Other" "met" 
"Rothamsted VCU" "http://www.era.rothamsted.ac.uk/images/metadata/met/snowy-day-at-Rothamsted-landscape.jpg" "snowy-day-at-Rothamsted-landscape" "Other" "met" 
"Rothamsted VCU" "http://www.era.rothamsted.ac.uk/images/metadata/met/snowy-day-at-Rothamsted-portrait.jpg" "snowy-day-at-Rothamsted-portrait" "Other" "met" 
"Rothamsted VCU" "http://www.era.rothamsted.ac.uk/images/metadata/met/soilsmap-orig.png" "soilsmap-orig.png" "Other" "met" 
"Rothamsted VCU" "http://www.era.rothamsted.ac.uk/images/metadata/met/soilsmap-ty.png" "soilsmap-ty.png" "Other" "met" 
"Rothamsted VCU" "http://www.era.rothamsted.ac.uk/images/metadata/met/solar.gif" "solar.gif" "Other" "met" 
"Rothamsted VCU" "http://www.era.rothamsted.ac.uk/images/metadata/met/stevenson.jpg" "stevenson" "Other" "met" 
"Rothamsted VCU" "http://www.era.rothamsted.ac.uk/images/metadata/met/stevenson2.jpg" "stevenson2" "Other" "met" 
"Rothamsted VCU" "http://www.era.rothamsted.ac.uk/images/metadata/met/sun-recorder.jpg" "sun-recorder" "Other" "met" 
"Rothamsted VCU" "http://www.era.rothamsted.ac.uk/images/metadata/met/sunny-day-at-Rothamsted.jpg" "sunny-day-at-Rothamsted" "Other" "met" 
"Rothamsted VCU" "http://www.era.rothamsted.ac.uk/images/metadata/met/sunny-day.jpg" "sunny-day" "Other" "met" 
"Rothamsted VCU" "http://www.era.rothamsted.ac.uk/images/metadata/met/thermometers.jpg" "thermometers" "Other" "met" 
"Rothamsted VCU" "http://www.era.rothamsted.ac.uk/images/metadata/met/thermometr-and-logger.jpg" "thermometr-and-logger" "Other" "met" 
"Rothamsted VCU" "http://www.era.rothamsted.ac.uk/images/metadata/met/ty-1623-map.jpg" "ty-1623-map" "Other" "met" 
"Rothamsted VCU" "http://www.era.rothamsted.ac.uk/images/metadata/met/ty-5raingaugeandturfwall.jpg" "ty-5raingaugeandturfwall" "Other" "met" 
"Rothamsted VCU" "http://www.era.rothamsted.ac.uk/images/metadata/met/ty-InsideStevenson.jpg" "ty-InsideStevenson" "Other" "met" 
"Rothamsted VCU" "http://www.era.rothamsted.ac.uk/images/metadata/met/ty-MetStation.jpg" "ty-MetStation" "Other" "met" 
"Rothamsted VCU" "http://www.era.rothamsted.ac.uk/images/metadata/met/ty-Ploughing-Broadbalk-2013.jpg" "ty-Ploughing-Broadbalk-2013" "Other" "met" 
"Rothamsted VCU" "http://www.era.rothamsted.ac.uk/images/metadata/met/ty-RothG" "ty-RothG" "Other" "met" 
"Rothamsted VCU" "http://www.era.rothamsted.ac.uk/images/metadata/met/ty-RothStevensonScreen.jpg" "ty-RothStevensonScreen" "Other" "met" 
"Rothamsted VCU" "http://www.era.rothamsted.ac.uk/images/metadata/met/ty-Rothgrassmin.jpg" "ty-Rothgrassmin" "Other" "met" 
"Rothamsted VCU" "http://www.era.rothamsted.ac.uk/images/metadata/met/ty-Soildrains.jpg" "ty-Soildrains" "Other" "met" 
"Rothamsted VCU" "http://www.era.rothamsted.ac.uk/images/metadata/met/ty-WindInstruments.jpg" "ty-WindInstruments" "Other" "met" 
"Rothamsted VCU" "http://www.era.rothamsted.ac.uk/images/metadata/met/ty-WindInstrumentscloseup.jpg" "ty-WindInstrumentscloseup" "Other" "met" 
"Rothamsted VCU" "http://www.era.rothamsted.ac.uk/images/metadata/met/ty-anemometer.gif" "ty-anemometer.gif" "Other" "met" 
"Rothamsted VCU" "http://www.era.rothamsted.ac.uk/images/metadata/met/ty-met.gif" "ty-met.gif" "Other" "met" 
"Rothamsted VCU" "http://www.era.rothamsted.ac.uk/images/metadata/met/ty-met2.gif" "ty-met2.gif" "Other" "met" 
"Rothamsted VCU" "http://www.era.rothamsted.ac.uk/images/metadata/met/ty-new-thousand-acre-gauge.jpg" "ty-new-thousand-acre-gauge" "Other" "met" 
"Rothamsted VCU" "http://www.era.rothamsted.ac.uk/images/metadata/met/ty-raingaugebelow40.jpg" "ty-raingaugebelow40" "Other" "met" 
"Rothamsted VCU" "http://www.era.rothamsted.ac.uk/images/metadata/met/ty-solar.gif" "ty-solar.gif" "Other" "met" 
"Rothamsted VCU" "http://www.era.rothamsted.ac.uk/images/metadata/met/ty-stevenson.gif" "ty-stevenson.gif" "Other" "met" 
"Rothamsted VCU" "http://www.era.rothamsted.ac.uk/images/metadata/met/ty-stevenson2.gif" "ty-stevenson2.gif" "Other" "met" 
"Rothamsted VCU" "http://www.era.rothamsted.ac.uk/images/metadata/met/wind-direction-video.AVI" "wind-direction-video.AVI" "Other" "met" 
"Rothamsted VCU" "http://www.era.rothamsted.ac.uk/images/metadata/met/wind-direction.png" "wind-direction.png" "Other" "met" 
"Rothamsted VCU" "http://www.era.rothamsted.ac.uk/images/metadata/met/wind-run.png" "wind-run.png" "Other" "met" 
"Rothamsted VCU" "http://www.era.rothamsted.ac.uk/images/metadata/met/wind-speed-video.AVI" "wind-speed-video.AVI" "Other" "met" 
"Rothamsted VCU" "http://www.era.rothamsted.ac.uk/images/metadata/met/wind-speed.png" "wind-speed.png" "Other" "met" 
"Rothamsted VCU" "http://www.era.rothamsted.ac.uk/images/metadata/met/wind-tower.jpg" "wind-tower" "Other" "met" 
"Rothamsted VCU" "http://www.era.rothamsted.ac.uk/images/metadata/met/windy-day-2.jpg" "windy-day-2" "Other" "met" 
"Rothamsted VCU" "http://www.era.rothamsted.ac.uk/images/metadata/met/windy-day.jpg" "windy-day" "Other" "met" 
"Rothamsted VCU" "http://www.era.rothamsted.ac.uk/images/metadata/met/worksheet.PNG" "worksheet.PNG" "Other" "met" 

"Rothamsted VCU" "http://www.era.rothamsted.ac.uk/images/metadata/others/1921-Garden-Clover-675-crop.jpg" "1921-Garden-Clover-675-crop" "Other" "others" 
"Rothamsted VCU" "http://www.era.rothamsted.ac.uk/images/metadata/others/1921-Garden-Clover-675.jpg" "1921-Garden-Clover-675" "Other" "others" 
"Rothamsted VCU" "http://www.era.rothamsted.ac.uk/images/metadata/others/1921-Garden-Clover-750.jpg" "1921-Garden-Clover-750" "Other" "others" 
"Rothamsted VCU" "http://www.era.rothamsted.ac.uk/images/metadata/others/1954-Harpenden-and-farm-maps-RothamstedFarm.jpg" "1954-Harpenden-and-farm-maps-RothamstedFarm" "Other" "others" 
"Rothamsted VCU" "http://www.era.rothamsted.ac.uk/images/metadata/others/2810-Historic-Barnfield-yield-comparison-turnips-675.jpg" "2810-Historic-Barnfield-yield-comparison-turnips-675" "Other" "others" 
"Rothamsted VCU" "http://www.era.rothamsted.ac.uk/images/metadata/others/2810-Historic-Barnfield-yield-comparison-turnips-750.jpg" "2810-Historic-Barnfield-yield-comparison-turnips-750" "Other" "others" 
"Rothamsted VCU" "http://www.era.rothamsted.ac.uk/images/metadata/others/3423-Harpenden-and-farm-maps-WoburnFarm.jpg" "3423-Harpenden-and-farm-maps-WoburnFarm" "Other" "others" 
"Rothamsted VCU" "http://www.era.rothamsted.ac.uk/images/metadata/others/3648-Aerial-Images-2015-Woburn-Fields-Butt-Close-04.jpg" "3648-Aerial-Images-2015-Woburn-Fields-Butt-Close-04" "Other" "others" 
"Rothamsted VCU" "http://www.era.rothamsted.ac.uk/images/metadata/others/5472-Aerial-Images-2015-Rothamsted-Farm-Fosters-675.jpg" "5472-Aerial-Images-2015-Rothamsted-Farm-Fosters-675" "Other" "others" 
"Rothamsted VCU" "http://www.era.rothamsted.ac.uk/images/metadata/others/Barnfield-2015-750.jpg" "Barnfield-2015-750" "Other" "others" 
"Rothamsted VCU" "http://www.era.rothamsted.ac.uk/images/metadata/others/Barnfield-and-the-former-Agdell-at-bottom-2015-750.jpg" "Barnfield-and-the-former-Agdell-at-bottom-2015-750" "Other" "others" 
"Rothamsted VCU" "http://www.era.rothamsted.ac.uk/images/metadata/others/Classical-Experiments-aerial-layout-750.jpg" "Classical-Experiments-aerial-layout-750" "Other" "others" 
"Rothamsted VCU" "http://www.era.rothamsted.ac.uk/images/metadata/others/Continuous-maize-hoosfield-675.jpg" "Continuous-maize-hoosfield-675" "Other" "others" 
"Rothamsted VCU" "http://www.era.rothamsted.ac.uk/images/metadata/others/ECN-plot-Park-Grass-2016-675.jpg" "ECN-plot-Park-Grass-2016-675" "Other" "others" 
"Rothamsted VCU" "http://www.era.rothamsted.ac.uk/images/metadata/others/ECN-plot-Park-Grass-2016-750.jpg" "ECN-plot-Park-Grass-2016-750" "Other" "others" 
"Rothamsted VCU" "http://www.era.rothamsted.ac.uk/images/metadata/others/Exhaustion-land-Hoosfield-675.jpg" "Exhaustion-land-Hoosfield-675" "Other" "others" 
"Rothamsted VCU" "http://www.era.rothamsted.ac.uk/images/metadata/others/Former-Agdell-2015-675.jpg" "Former-Agdell-2015-675" "Other" "others" 
"Rothamsted VCU" "http://www.era.rothamsted.ac.uk/images/metadata/others/Fosters-2013-750.jpg" "Fosters-2013-750" "Other" "others" 
"Rothamsted VCU" "http://www.era.rothamsted.ac.uk/images/metadata/others/Fosters-2015-750.jpg" "Fosters-2015-750" "Other" "others" 
"Rothamsted VCU" "http://www.era.rothamsted.ac.uk/images/metadata/others/Fosters-Ley-Arable-675.jpg" "Fosters-Ley-Arable-675" "Other" "others" 
"Rothamsted VCU" "http://www.era.rothamsted.ac.uk/images/metadata/others/Garden-Clover-RGC8-2008-Cut-1A-750.jpg" "Garden-Clover-RGC8-2008-Cut-1A-750" "Other" "others" 
"Rothamsted VCU" "http://www.era.rothamsted.ac.uk/images/metadata/others/Garden-Clover-RGC8-2012-Resown-750.jpg" "Garden-Clover-RGC8-2012-Resown-750" "Other" "others" 
"Rothamsted VCU" "http://www.era.rothamsted.ac.uk/images/metadata/others/Garden-clover-120508-Cut-1B-750.jpg" "Garden-clover-120508-Cut-1B-750" "Other" "others" 
"Rothamsted VCU" "http://www.era.rothamsted.ac.uk/images/metadata/others/Highfield-2015-750.jpg" "Highfield-2015-750" "Other" "others" 
"Rothamsted VCU" "http://www.era.rothamsted.ac.uk/images/metadata/others/Highfield-LTE-750.jpg" "Highfield-LTE-750" "Other" "others" 
"Rothamsted VCU" "http://www.era.rothamsted.ac.uk/images/metadata/others/Highfield-Ley-Arable-2015-675.jpg" "Highfield-Ley-Arable-2015-675" "Other" "others" 
"Rothamsted VCU" "http://www.era.rothamsted.ac.uk/images/metadata/others/Hoosfield-625.jpg" "Hoosfield-625" "Other" "others" 
"Rothamsted VCU" "http://www.era.rothamsted.ac.uk/images/metadata/others/Hoosfield-750.jpg" "Hoosfield-750" "Other" "others" 
"Rothamsted VCU" "http://www.era.rothamsted.ac.uk/images/metadata/others/Hoosfield-LTEs-750.jpg" "Hoosfield-LTEs-750" "Other" "others" 
"Rothamsted VCU" "http://www.era.rothamsted.ac.uk/images/metadata/others/LTliming-expt-lime-application-amounts-and-dates.pdf" "LTliming-expt-lime-application-amounts-and-dates.pdf" "Other" "others" 
"Rothamsted VCU" "http://www.era.rothamsted.ac.uk/images/metadata/others/Long-term-liming-experiments-site-and-soil-details.pdf" "Long-term-liming-experiments-site-and-soil-details.pdf" "Other" "others" 
"Rothamsted VCU" "http://www.era.rothamsted.ac.uk/images/metadata/others/Long-term-liming-expt-cropping-details.pdf" "Long-term-liming-expt-cropping-details.pdf" "Other" "others" 
"Rothamsted VCU" "http://www.era.rothamsted.ac.uk/images/metadata/others/Plan-Highfield-Experiments-750.jpg" "Plan-Highfield-Experiments-750" "Other" "others" 
"Rothamsted VCU" "http://www.era.rothamsted.ac.uk/images/metadata/others/Rothamsted-Farm-map-750.jpg" "Rothamsted-Farm-map-750" "Other" "others" 
"Rothamsted VCU" "http://www.era.rothamsted.ac.uk/images/metadata/others/Woburn-Farm-map-750.jpg" "Woburn-Farm-map-750" "Other" "others" 
"Rothamsted VCU" "http://www.era.rothamsted.ac.uk/images/metadata/others/Woburn-Fields-Butt-Close-750.jpg" "Woburn-Fields-Butt-Close-750" "Other" "others" 
"Rothamsted VCU" "http://www.era.rothamsted.ac.uk/images/metadata/others/Woburn-Fields-Stackyard-100.jpg" "Woburn-Fields-Stackyard-100" "Other" "others" 
"Rothamsted VCU" "http://www.era.rothamsted.ac.uk/images/metadata/others/Woburn-Fields-Stackyard-750-(2).jpg" "Woburn-Fields-Stackyard-750-(2)" "Other" "others" 
"Rothamsted VCU" "http://www.era.rothamsted.ac.uk/images/metadata/others/Woburn-Fields-Stackyard-750.jpg" "Woburn-Fields-Stackyard-750" "Other" "others" 
"Rothamsted VCU" "http://www.era.rothamsted.ac.uk/images/metadata/others/Woburn-LTEs-750.jpg" "Woburn-LTEs-750" "Other" "others" 
"Rothamsted VCU" "http://www.era.rothamsted.ac.uk/images/metadata/others/Woburn-Market-Garden-1-675.jpg" "Woburn-Market-Garden-1-675" "Other" "others" 
"Rothamsted VCU" "http://www.era.rothamsted.ac.uk/images/metadata/others/Woburn-Market-Garden-1-750.jpg" "Woburn-Market-Garden-1-750" "Other" "others" 
"Rothamsted VCU" "http://www.era.rothamsted.ac.uk/images/metadata/others/Woburn-Market-Garden-3-750.jpg" "Woburn-Market-Garden-3-750" "Other" "others" 
"Rothamsted VCU" "http://www.era.rothamsted.ac.uk/images/metadata/others/Woburn-continuous-maize-675.jpg" "Woburn-continuous-maize-675" "Other" "others" 
"Rothamsted VCU" "http://www.era.rothamsted.ac.uk/images/metadata/others/Woburn-ley-arable-675.jpg" "Woburn-ley-arable-675" "Other" "others" 
"Rothamsted VCU" "http://www.era.rothamsted.ac.uk/images/metadata/others/Woburn-organic-manuring-675.jpg" "Woburn-organic-manuring-675" "Other" "others" 
"Rothamsted VCU" "http://www.era.rothamsted.ac.uk/images/metadata/others/Yield-and-pH-data-availability-LT-liming-expt.pdf" "Yield-and-pH-data-availability-LT-liming-expt.pdf" "Other" "others" 
"Rothamsted VCU" "http://www.era.rothamsted.ac.uk/images/metadata/others/aerialhoosfield.jpg" "aerialhoosfield" "Other" "others" 
"Rothamsted VCU" "http://www.era.rothamsted.ac.uk/images/metadata/others/amounts-of-straw-675.jpg" "amounts-of-straw-675" "Other" "others" 
"Rothamsted VCU" "http://www.era.rothamsted.ac.uk/images/metadata/others/cs-427-i-750.jpg" "cs-427-i-750" "Other" "others" 
"Rothamsted VCU" "http://www.era.rothamsted.ac.uk/images/metadata/others/cs-427-ii-675.jpg" "cs-427-ii-675" "Other" "others" 
"Rothamsted VCU" "http://www.era.rothamsted.ac.uk/images/metadata/others/ty-1921-Garden-Clover-100.jpg" "ty-1921-Garden-Clover-100" "Other" "others" 
"Rothamsted VCU" "http://www.era.rothamsted.ac.uk/images/metadata/others/ty-2810-Historic-Barnfield-yield-comparison-turnips-100.jpg" "ty-2810-Historic-Barnfield-yield-comparison-turnips-100" "Other" "others" 
"Rothamsted VCU" "http://www.era.rothamsted.ac.uk/images/metadata/others/ty-Barnfield-2015-100.jpg" "ty-Barnfield-2015-100" "Other" "others" 
"Rothamsted VCU" "http://www.era.rothamsted.ac.uk/images/metadata/others/ty-Barnfield-and-the-former-Agdell-at-bottom-2015-100.jpg" "ty-Barnfield-and-the-former-Agdell-at-bottom-2015-100" "Other" "others" 
"Rothamsted VCU" "http://www.era.rothamsted.ac.uk/images/metadata/others/ty-Classical-Experiments-aerial-layout-100.jpg" "ty-Classical-Experiments-aerial-layout-100" "Other" "others" 
"Rothamsted VCU" "http://www.era.rothamsted.ac.uk/images/metadata/others/ty-ECN-plot-Park-Grass-2016-100.jpg" "ty-ECN-plot-Park-Grass-2016-100" "Other" "others" 
"Rothamsted VCU" "http://www.era.rothamsted.ac.uk/images/metadata/others/ty-Fosters-2013-100.jpg" "ty-Fosters-2013-100" "Other" "others" 
"Rothamsted VCU" "http://www.era.rothamsted.ac.uk/images/metadata/others/ty-Fosters-2015-100.jpg" "ty-Fosters-2015-100" "Other" "others" 
"Rothamsted VCU" "http://www.era.rothamsted.ac.uk/images/metadata/others/ty-Garden-Clover-RGC8-2008-Cut-1A-100.jpg" "ty-Garden-Clover-RGC8-2008-Cut-1A-100" "Other" "others" 
"Rothamsted VCU" "http://www.era.rothamsted.ac.uk/images/metadata/others/ty-Garden-Clover-RGC8-2012-Resown-100.jpg" "ty-Garden-Clover-RGC8-2012-Resown-100" "Other" "others" 
"Rothamsted VCU" "http://www.era.rothamsted.ac.uk/images/metadata/others/ty-Garden-clover-120508-Cut-1B-100.jpg" "ty-Garden-clover-120508-Cut-1B-100" "Other" "others" 
"Rothamsted VCU" "http://www.era.rothamsted.ac.uk/images/metadata/others/ty-Highfield-2015-100.jpg" "ty-Highfield-2015-100" "Other" "others" 
"Rothamsted VCU" "http://www.era.rothamsted.ac.uk/images/metadata/others/ty-Highfield-LTE-100.jpg" "ty-Highfield-LTE-100" "Other" "others" 
"Rothamsted VCU" "http://www.era.rothamsted.ac.uk/images/metadata/others/ty-Hoosfield-100.jpg" "ty-Hoosfield-100" "Other" "others" 
"Rothamsted VCU" "http://www.era.rothamsted.ac.uk/images/metadata/others/ty-Hoosfield-LTEs-100.jpg" "ty-Hoosfield-LTEs-100" "Other" "others" 
"Rothamsted VCU" "http://www.era.rothamsted.ac.uk/images/metadata/others/ty-Plan-Highfield-Experiments-100.jpg" "ty-Plan-Highfield-Experiments-100" "Other" "others" 
"Rothamsted VCU" "http://www.era.rothamsted.ac.uk/images/metadata/others/ty-Rothamsted-Farm-map-100.jpg" "ty-Rothamsted-Farm-map-100" "Other" "others" 
"Rothamsted VCU" "http://www.era.rothamsted.ac.uk/images/metadata/others/ty-Woburn-Farm-map-100.jpg" "ty-Woburn-Farm-map-100" "Other" "others" 
"Rothamsted VCU" "http://www.era.rothamsted.ac.uk/images/metadata/others/ty-Woburn-Fields-Butt-Close-100.jpg" "ty-Woburn-Fields-Butt-Close-100" "Other" "others" 
"Rothamsted VCU" "http://www.era.rothamsted.ac.uk/images/metadata/others/ty-Woburn-Fields-Stackyard-100.jpg" "ty-Woburn-Fields-Stackyard-100" "Other" "others" 
"Rothamsted VCU" "http://www.era.rothamsted.ac.uk/images/metadata/others/ty-Woburn-LTEs-100.jpg" "ty-Woburn-LTEs-100" "Other" "others" 
"Rothamsted VCU" "http://www.era.rothamsted.ac.uk/images/metadata/others/ty-Woburn-Market-Garden-1-100.jpg" "ty-Woburn-Market-Garden-1-100" "Other" "others" 
"Rothamsted VCU" "http://www.era.rothamsted.ac.uk/images/metadata/others/ty-Woburn-Market-Garden-3-100.jpg" "ty-Woburn-Market-Garden-3-100" "Other" "others" 
"Rothamsted VCU" "http://www.era.rothamsted.ac.uk/images/metadata/others/ty-aerialhoosfield.jpg" "ty-aerialhoosfield" "Other" "others" 
"Rothamsted VCU" "http://www.era.rothamsted.ac.uk/images/metadata/others/ty-cs-427-i-100.jpg" "ty-cs-427-i-100" "Other" "others" 
"Rothamsted VCU" "http://www.era.rothamsted.ac.uk/images/metadata/others/ty-woburn-sewage-sludge-100.jpg" "ty-woburn-sewage-sludge-100" "Other" "others" 
"Rothamsted VCU" "http://www.era.rothamsted.ac.uk/images/metadata/others/wheatandfallow.jpg" "wheatandfallow" "Other" "others" 
"Rothamsted VCU" "http://www.era.rothamsted.ac.uk/images/metadata/others/wheatandfallowsmall.jpg" "wheatandfallowsmall" "Other" "others" 
"Rothamsted VCU" "http://www.era.rothamsted.ac.uk/images/metadata/others/woburn-sewage-sludge-675.jpg" "woburn-sewage-sludge-675" "Other" "others" 
"Rothamsted VCU" "http://www.era.rothamsted.ac.uk/images/metadata/others/woburn-sewage-sludge-750.jpg" "woburn-sewage-sludge-750" "Other" "others" 

"Rothamsted VCU" "http://www.era.rothamsted.ac.uk/images/metadata/rbk1/1623-map.jpg" "1623-map" "Other" "rbk1" 
"Rothamsted VCU" "http://www.era.rothamsted.ac.uk/images/metadata/rbk1/1935horseharvest.jpg" "1935horseharvest" "Other" "rbk1" 
"Rothamsted VCU" "http://www.era.rothamsted.ac.uk/images/metadata/rbk1/1935tractoharvest.gif" "1935tractoharvest.gif" "Other" "rbk1" 
"Rothamsted VCU" "http://www.era.rothamsted.ac.uk/images/metadata/rbk1/1935tractoharvest.jpg" "1935tractoharvest" "Other" "rbk1" 
"Rothamsted VCU" "http://www.era.rothamsted.ac.uk/images/metadata/rbk1/250-Broadbalk-wheat-elevated-view.jpg" "250-Broadbalk-wheat-elevated-view" "Other" "rbk1" 
"Rothamsted VCU" "http://www.era.rothamsted.ac.uk/images/metadata/rbk1/4256-Aerial-2012-AJ-12-10.jpg" "4256-Aerial-2012-AJ-12-10" "Other" "rbk1" 
"Rothamsted VCU" "http://www.era.rothamsted.ac.uk/images/metadata/rbk1/5472-Aerial-Images-2015-Rothamsted-Farm-Broadbalk-04.jpg" "5472-Aerial-Images-2015-Rothamsted-Farm-Broadbalk-04" "Other" "rbk1" 
"Rothamsted VCU" "http://www.era.rothamsted.ac.uk/images/metadata/rbk1/5472-Aerial-Photographs-2016-Broadbalk-03.jpg" "5472-Aerial-Photographs-2016-Broadbalk-03" "Other" "rbk1" 
"Rothamsted VCU" "http://www.era.rothamsted.ac.uk/images/metadata/rbk1/6048-Non-herbicide-wheat-plot-250.jpg" "6048-Non-herbicide-wheat-plot-250" "Other" "rbk1" 
"Rothamsted VCU" "http://www.era.rothamsted.ac.uk/images/metadata/rbk1/750-Blackgrass.jpg" "750-Blackgrass" "Other" "rbk1" 
"Rothamsted VCU" "http://www.era.rothamsted.ac.uk/images/metadata/rbk1/750-Broadbalk-sampling-1943a.jpg" "750-Broadbalk-sampling-1943a" "Other" "rbk1" 
"Rothamsted VCU" "http://www.era.rothamsted.ac.uk/images/metadata/rbk1/750-Broadbalk-sampling-1943c.jpg" "750-Broadbalk-sampling-1943c" "Other" "rbk1" 
"Rothamsted VCU" "http://www.era.rothamsted.ac.uk/images/metadata/rbk1/750-Broadbalk-sampling-PL-RH.jpg" "750-Broadbalk-sampling-PL-RH" "Other" "rbk1" 
"Rothamsted VCU" "http://www.era.rothamsted.ac.uk/images/metadata/rbk1/750-Broadbalk-sampling-SM.jpg" "750-Broadbalk-sampling-SM" "Other" "rbk1" 
"Rothamsted VCU" "http://www.era.rothamsted.ac.uk/images/metadata/rbk1/750-Broadbalk-wheat-elevated-view.jpg" "750-Broadbalk-wheat-elevated-view" "Other" "rbk1" 
"Rothamsted VCU" "http://www.era.rothamsted.ac.uk/images/metadata/rbk1/750-Chickweed-macro.jpg" "750-Chickweed-macro" "Other" "rbk1" 
"Rothamsted VCU" "http://www.era.rothamsted.ac.uk/images/metadata/rbk1/750-Chickweed.jpg" "750-Chickweed" "Other" "rbk1" 
"Rothamsted VCU" "http://www.era.rothamsted.ac.uk/images/metadata/rbk1/750-Drilling-Broadbalk-2013.jpg" "750-Drilling-Broadbalk-2013" "Other" "rbk1" 
"Rothamsted VCU" "http://www.era.rothamsted.ac.uk/images/metadata/rbk1/750-Horsetails-DSCN6796.jpg" "750-Horsetails-DSCN6796" "Other" "rbk1" 
"Rothamsted VCU" "http://www.era.rothamsted.ac.uk/images/metadata/rbk1/750-Non-herbicide-wheat-plot.jpg" "750-Non-herbicide-wheat-plot" "Other" "rbk1" 
"Rothamsted VCU" "http://www.era.rothamsted.ac.uk/images/metadata/rbk1/750-Ploughing-Broadbalk-2013.jpg" "750-Ploughing-Broadbalk-2013" "Other" "rbk1" 
"Rothamsted VCU" "http://www.era.rothamsted.ac.uk/images/metadata/rbk1/750-galium-tricornutum-broadbalk.png" "750-galium-tricornutum-broadbalk.png" "Other" "rbk1" 
"Rothamsted VCU" "http://www.era.rothamsted.ac.uk/images/metadata/rbk1/Aerial-pic-3.34.jpg" "Aerial-pic-3.34" "Other" "rbk1" 
"Rothamsted VCU" "http://www.era.rothamsted.ac.uk/images/metadata/rbk1/BBKtoday.jpg" "BBKtoday" "Other" "rbk1" 
"Rothamsted VCU" "http://www.era.rothamsted.ac.uk/images/metadata/rbk1/BFRMicrodochium.jpg" "BFRMicrodochium" "Other" "rbk1" 
"Rothamsted VCU" "http://www.era.rothamsted.ac.uk/images/metadata/rbk1/BFRMicrodochium.tif" "BFRMicrodochium.tif" "Other" "rbk1" 
"Rothamsted VCU" "http://www.era.rothamsted.ac.uk/images/metadata/rbk1/BK-beans-nutrient-data.pdf" "BK-beans-nutrient-data.pdf" "Other" "rbk1" 
"Rothamsted VCU" "http://www.era.rothamsted.ac.uk/images/metadata/rbk1/BK-maize-nutrient-data.pdf" "BK-maize-nutrient-data.pdf" "Other" "rbk1" 
"Rothamsted VCU" "http://www.era.rothamsted.ac.uk/images/metadata/rbk1/BK-oats-nutrient-data.pdf" "BK-oats-nutrient-data.pdf" "Other" "rbk1" 
"Rothamsted VCU" "http://www.era.rothamsted.ac.uk/images/metadata/rbk1/BK-potato-nutrient-data.pdf" "BK-potato-nutrient-data.pdf" "Other" "rbk1" 
"Rothamsted VCU" "http://www.era.rothamsted.ac.uk/images/metadata/rbk1/Black-medick.jpg" "Black-medick" "Other" "rbk1" 
"Rothamsted VCU" "http://www.era.rothamsted.ac.uk/images/metadata/rbk1/Black-nightshade.jpg" "Black-nightshade" "Other" "rbk1" 
"Rothamsted VCU" "http://www.era.rothamsted.ac.uk/images/metadata/rbk1/BroadBalk-ty.png" "BroadBalk-ty.png" "Other" "rbk1" 
"Rothamsted VCU" "http://www.era.rothamsted.ac.uk/images/metadata/rbk1/BroadBalk.png" "BroadBalk.png" "Other" "rbk1" 
"Rothamsted VCU" "http://www.era.rothamsted.ac.uk/images/metadata/rbk1/Broadbalk-Mean-Yields-2016.png" "Broadbalk-Mean-Yields-2016.png" "Other" "rbk1" 
"Rothamsted VCU" "http://www.era.rothamsted.ac.uk/images/metadata/rbk1/Broadbalk-Sections-Wheat-GRAIN-QUALITY.pdf" "Broadbalk-Sections-Wheat-GRAIN-QUALITY.pdf" "Other" "rbk1" 
"Rothamsted VCU" "http://www.era.rothamsted.ac.uk/images/metadata/rbk1/Broadbalk-Yield-Fig-Feb-2016.pdf" "Broadbalk-Yield-Fig-Feb-2016.pdf" "Other" "rbk1" 
"Rothamsted VCU" "http://www.era.rothamsted.ac.uk/images/metadata/rbk1/Broadbalk-Yield-Fig-June-2017.pdf" "Broadbalk-Yield-Fig-June-2017.pdf" "Other" "rbk1" 
"Rothamsted VCU" "http://www.era.rothamsted.ac.uk/images/metadata/rbk1/Broadbalk-Yield-Fig-June-2017.png" "Broadbalk-Yield-Fig-June-2017.png" "Other" "rbk1" 
"Rothamsted VCU" "http://www.era.rothamsted.ac.uk/images/metadata/rbk1/Broadbalk-Yields-Chart.pdf" "Broadbalk-Yields-Chart.pdf" "Other" "rbk1" 
"Rothamsted VCU" "http://www.era.rothamsted.ac.uk/images/metadata/rbk1/Broadbalk-med-lge.png" "Broadbalk-med-lge.png" "Other" "rbk1" 
"Rothamsted VCU" "http://www.era.rothamsted.ac.uk/images/metadata/rbk1/Broadbalk-mid.png" "Broadbalk-mid.png" "Other" "rbk1" 
"Rothamsted VCU" "http://www.era.rothamsted.ac.uk/images/metadata/rbk1/Broadbalk-original.png" "Broadbalk-original.png" "Other" "rbk1" 
"Rothamsted VCU" "http://www.era.rothamsted.ac.uk/images/metadata/rbk1/Broadbalk-timeline.pdf" "Broadbalk-timeline.pdf" "Other" "rbk1" 
"Rothamsted VCU" "http://www.era.rothamsted.ac.uk/images/metadata/rbk1/Broadbalk-wheat-elevated-view-750-8553.jpg" "Broadbalk-wheat-elevated-view-750-8553" "Other" "rbk1" 
"Rothamsted VCU" "http://www.era.rothamsted.ac.uk/images/metadata/rbk1/Broadbalk1954Section5.jpg" "Broadbalk1954Section5" "Other" "rbk1" 
"Rothamsted VCU" "http://www.era.rothamsted.ac.uk/images/metadata/rbk1/Broadbalk20August.gif" "Broadbalk20August.gif" "Other" "rbk1" 
"Rothamsted VCU" "http://www.era.rothamsted.ac.uk/images/metadata/rbk1/Broadbalk20August.jpg" "Broadbalk20August" "Other" "rbk1" 
"Rothamsted VCU" "http://www.era.rothamsted.ac.uk/images/metadata/rbk1/BroadbalkFertilizerTreatments.pdf" "BroadbalkFertilizerTreatments.pdf" "Other" "rbk1" 
"Rothamsted VCU" "http://www.era.rothamsted.ac.uk/images/metadata/rbk1/BroadbalkOrgC.pdf" "BroadbalkOrgC.pdf" "Other" "rbk1" 
"Rothamsted VCU" "http://www.era.rothamsted.ac.uk/images/metadata/rbk1/BroadbalkOrgC.png" "BroadbalkOrgC.png" "Other" "rbk1" 
"Rothamsted VCU" "http://www.era.rothamsted.ac.uk/images/metadata/rbk1/BroadbalkSectionsforCropNutrientContent-GRAIN.pdf" "BroadbalkSectionsforCropNutrientContent-GRAIN.pdf" "Other" "rbk1" 
"Rothamsted VCU" "http://www.era.rothamsted.ac.uk/images/metadata/rbk1/BroadbalkSectionsforCropNutrientContent-STRAW.pdf" "BroadbalkSectionsforCropNutrientContent-STRAW.pdf" "Other" "rbk1" 
"Rothamsted VCU" "http://www.era.rothamsted.ac.uk/images/metadata/rbk1/Broadbalkcropping1844-1925.pdf" "Broadbalkcropping1844-1925.pdf" "Other" "rbk1" 
"Rothamsted VCU" "http://www.era.rothamsted.ac.uk/images/metadata/rbk1/Broadbalkcropping1926-1967.pdf" "Broadbalkcropping1926-1967.pdf" "Other" "rbk1" 
"Rothamsted VCU" "http://www.era.rothamsted.ac.uk/images/metadata/rbk1/Broadbalkcropping1968onwards.pdf" "Broadbalkcropping1968onwards.pdf" "Other" "rbk1" 
"Rothamsted VCU" "http://www.era.rothamsted.ac.uk/images/metadata/rbk1/Broadbalkharvest1880.jpg" "Broadbalkharvest1880" "Other" "rbk1" 
"Rothamsted VCU" "http://www.era.rothamsted.ac.uk/images/metadata/rbk1/Broadbalkplan1852-1925.pdf" "Broadbalkplan1852-1925.pdf" "Other" "rbk1" 
"Rothamsted VCU" "http://www.era.rothamsted.ac.uk/images/metadata/rbk1/Broadbalkplan1926-1967.pdf" "Broadbalkplan1926-1967.pdf" "Other" "rbk1" 
"Rothamsted VCU" "http://www.era.rothamsted.ac.uk/images/metadata/rbk1/Canadian-fleabane.jpg" "Canadian-fleabane" "Other" "rbk1" 
"Rothamsted VCU" "http://www.era.rothamsted.ac.uk/images/metadata/rbk1/Cleavers.jpg" "Cleavers" "Other" "rbk1" 
"Rothamsted VCU" "http://www.era.rothamsted.ac.uk/images/metadata/rbk1/Common-Bent-grass.jpg" "Common-Bent-grass" "Other" "rbk1" 
"Rothamsted VCU" "http://www.era.rothamsted.ac.uk/images/metadata/rbk1/Common-vetch.jpg" "Common-vetch" "Other" "rbk1" 
"Rothamsted VCU" "http://www.era.rothamsted.ac.uk/images/metadata/rbk1/Copy-of-Broadbalkplan1852-1925.pdf" "Copy-of-Broadbalkplan1852-1925.pdf" "Other" "rbk1" 
"Rothamsted VCU" "http://www.era.rothamsted.ac.uk/images/metadata/rbk1/Corn-buttercup.jpg" "Corn-buttercup" "Other" "rbk1" 
"Rothamsted VCU" "http://www.era.rothamsted.ac.uk/images/metadata/rbk1/Corn-marigold.jpg" "Corn-marigold" "Other" "rbk1" 
"Rothamsted VCU" "http://www.era.rothamsted.ac.uk/images/metadata/rbk1/Cornflower.jpg" "Cornflower" "Other" "rbk1" 
"Rothamsted VCU" "http://www.era.rothamsted.ac.uk/images/metadata/rbk1/Creeping-thistle.jpg" "Creeping-thistle" "Other" "rbk1" 
"Rothamsted VCU" "http://www.era.rothamsted.ac.uk/images/metadata/rbk1/Dwarf-spurge.jpg" "Dwarf-spurge" "Other" "rbk1" 
"Rothamsted VCU" "http://www.era.rothamsted.ac.uk/images/metadata/rbk1/ESlesions.jpg" "ESlesions" "Other" "rbk1" 
"Rothamsted VCU" "http://www.era.rothamsted.ac.uk/images/metadata/rbk1/ESlodging.jpg" "ESlodging" "Other" "rbk1" 
"Rothamsted VCU" "http://www.era.rothamsted.ac.uk/images/metadata/rbk1/ESlodging.tif" "ESlodging.tif" "Other" "rbk1" 
"Rothamsted VCU" "http://www.era.rothamsted.ac.uk/images/metadata/rbk1/False-oatgrass.jpg" "False-oatgrass" "Other" "rbk1" 
"Rothamsted VCU" "http://www.era.rothamsted.ac.uk/images/metadata/rbk1/Field-forget-me-not.jpg" "Field-forget-me-not" "Other" "rbk1" 
"Rothamsted VCU" "http://www.era.rothamsted.ac.uk/images/metadata/rbk1/Field-poppy.jpg" "Field-poppy" "Other" "rbk1" 
"Rothamsted VCU" "http://www.era.rothamsted.ac.uk/images/metadata/rbk1/Fine-leaved-sandwort.jpg" "Fine-leaved-sandwort" "Other" "rbk1" 
"Rothamsted VCU" "http://www.era.rothamsted.ac.uk/images/metadata/rbk1/Fools-parsley.jpg" "Fools-parsley" "Other" "rbk1" 
"Rothamsted VCU" "http://www.era.rothamsted.ac.uk/images/metadata/rbk1/LTE-Poster-Nov2012-Small.pdf" "LTE-Poster-Nov2012-Small.pdf" "Other" "rbk1" 
"Rothamsted VCU" "http://www.era.rothamsted.ac.uk/images/metadata/rbk1/LargeTApatches.jpg" "LargeTApatches" "Other" "rbk1" 
"Rothamsted VCU" "http://www.era.rothamsted.ac.uk/images/metadata/rbk1/LargeTApatches.tif" "LargeTApatches.tif" "Other" "rbk1" 
"Rothamsted VCU" "http://www.era.rothamsted.ac.uk/images/metadata/rbk1/Meadow-vetchling.jpg" "Meadow-vetchling" "Other" "rbk1" 
"Rothamsted VCU" "http://www.era.rothamsted.ac.uk/images/metadata/rbk1/Measurements-of-Broadbalk-soil-properties-1843-1944.pdf" "Measurements-of-Broadbalk-soil-properties-1843-1944.pdf" "Other" "rbk1" 
"Rothamsted VCU" "http://www.era.rothamsted.ac.uk/images/metadata/rbk1/Measurements-of-Broadbalk-soil-properties-1966-2012.pdf" "Measurements-of-Broadbalk-soil-properties-1966-2012.pdf" "Other" "rbk1" 
"Rothamsted VCU" "http://www.era.rothamsted.ac.uk/images/metadata/rbk1/OlsenP.png" "OlsenP.png" "Other" "rbk1" 
"Rothamsted VCU" "http://www.era.rothamsted.ac.uk/images/metadata/rbk1/Onion-couch.jpg" "Onion-couch" "Other" "rbk1" 
"Rothamsted VCU" "http://www.era.rothamsted.ac.uk/images/metadata/rbk1/Open-Access-BK-Olsen-P.pdf" "Open-Access-BK-Olsen-P.pdf" "Other" "rbk1" 
"Rothamsted VCU" "http://www.era.rothamsted.ac.uk/images/metadata/rbk1/Plot-21.JPG" "Plot-21.JPG" "Other" "rbk1" 
"Rothamsted VCU" "http://www.era.rothamsted.ac.uk/images/metadata/rbk1/Plot-3.JPG" "Plot-3.JPG" "Other" "rbk1" 
"Rothamsted VCU" "http://www.era.rothamsted.ac.uk/images/metadata/rbk1/Red-bartsia-(2).JPG" "Red-bartsia-(2).JPG" "Other" "rbk1" 
"Rothamsted VCU" "http://www.era.rothamsted.ac.uk/images/metadata/rbk1/Red-bartsia.jpg" "Red-bartsia" "Other" "rbk1" 
"Rothamsted VCU" "http://www.era.rothamsted.ac.uk/images/metadata/rbk1/SESApril.jpg" "SESApril" "Other" "rbk1" 
"Rothamsted VCU" "http://www.era.rothamsted.ac.uk/images/metadata/rbk1/SESApril.tif" "SESApril.tif" "Other" "rbk1" 
"Rothamsted VCU" "http://www.era.rothamsted.ac.uk/images/metadata/rbk1/Section-8-sign.jpg" "Section-8-sign" "Other" "rbk1" 
"Rothamsted VCU" "http://www.era.rothamsted.ac.uk/images/metadata/rbk1/Section-8.jpg" "Section-8" "Other" "rbk1" 
"Rothamsted VCU" "http://www.era.rothamsted.ac.uk/images/metadata/rbk1/SevereBFRFusarium.jpg" "SevereBFRFusarium" "Other" "rbk1" 
"Rothamsted VCU" "http://www.era.rothamsted.ac.uk/images/metadata/rbk1/SevereBFRFusarium.tif" "SevereBFRFusarium.tif" "Other" "rbk1" 
"Rothamsted VCU" "http://www.era.rothamsted.ac.uk/images/metadata/rbk1/SevereES.jpg" "SevereES" "Other" "rbk1" 
"Rothamsted VCU" "http://www.era.rothamsted.ac.uk/images/metadata/rbk1/SevereTakeAll.tif" "SevereTakeAll.tif" "Other" "rbk1" 
"Rothamsted VCU" "http://www.era.rothamsted.ac.uk/images/metadata/rbk1/SevereTakeAll1.jpg" "SevereTakeAll1" "Other" "rbk1" 
"Rothamsted VCU" "http://www.era.rothamsted.ac.uk/images/metadata/rbk1/SharpESstraw.jpg" "SharpESstraw" "Other" "rbk1" 
"Rothamsted VCU" "http://www.era.rothamsted.ac.uk/images/metadata/rbk1/SharpESstraw.tif" "SharpESstraw.tif" "Other" "rbk1" 
"Rothamsted VCU" "http://www.era.rothamsted.ac.uk/images/metadata/rbk1/Shepherd's-needle-(2).jpg" "Shepherd's-needle-(2)" "Other" "rbk1" 
"Rothamsted VCU" "http://www.era.rothamsted.ac.uk/images/metadata/rbk1/Shepherd's-needle-(3).JPG" "Shepherd's-needle-(3).JPG" "Other" "rbk1" 
"Rothamsted VCU" "http://www.era.rothamsted.ac.uk/images/metadata/rbk1/Shepherd's-needle.jpg" "Shepherd's-needle" "Other" "rbk1" 
"Rothamsted VCU" "http://www.era.rothamsted.ac.uk/images/metadata/rbk1/Soil-sampling;-comparisons-over-time-updated-to-2012.pdf" "Soil-sampling;-comparisons-over-time-updated-to-2012.pdf" "Other" "rbk1" 
"Rothamsted VCU" "http://www.era.rothamsted.ac.uk/images/metadata/rbk1/Sterile-brome-(2).jpg" "Sterile-brome-(2)" "Other" "rbk1" 
"Rothamsted VCU" "http://www.era.rothamsted.ac.uk/images/metadata/rbk1/Sterile-brome.jpg" "Sterile-brome" "Other" "rbk1" 
"Rothamsted VCU" "http://www.era.rothamsted.ac.uk/images/metadata/rbk1/Tractorplough1935.jpg" "Tractorplough1935" "Other" "rbk1" 
"Rothamsted VCU" "http://www.era.rothamsted.ac.uk/images/metadata/rbk1/TypicalESApril.jpg" "TypicalESApril" "Other" "rbk1" 
"Rothamsted VCU" "http://www.era.rothamsted.ac.uk/images/metadata/rbk1/TypicalESApril.tif" "TypicalESApril.tif" "Other" "rbk1" 
"Rothamsted VCU" "http://www.era.rothamsted.ac.uk/images/metadata/rbk1/TypicalESlesions.jpg" "TypicalESlesions" "Other" "rbk1" 
"Rothamsted VCU" "http://www.era.rothamsted.ac.uk/images/metadata/rbk1/Venus'-looking-glass-(2).jpg" "Venus'-looking-glass-(2)" "Other" "rbk1" 
"Rothamsted VCU" "http://www.era.rothamsted.ac.uk/images/metadata/rbk1/Venus'-looking-glass-(3).jpg" "Venus'-looking-glass-(3)" "Other" "rbk1" 
"Rothamsted VCU" "http://www.era.rothamsted.ac.uk/images/metadata/rbk1/Venus'-looking-glass-(4).jpg" "Venus'-looking-glass-(4)" "Other" "rbk1" 
"Rothamsted VCU" "http://www.era.rothamsted.ac.uk/images/metadata/rbk1/Venus'-looking-glass.jpg" "Venus'-looking-glass" "Other" "rbk1" 
"Rothamsted VCU" "http://www.era.rothamsted.ac.uk/images/metadata/rbk1/Venus-looking-glass.jpg" "Venus-looking-glass" "Other" "rbk1" 
"Rothamsted VCU" "http://www.era.rothamsted.ac.uk/images/metadata/rbk1/Weeds-list-from-BK-WEEDS-SUM.pdf" "Weeds-list-from-BK-WEEDS-SUM.pdf" "Other" "rbk1" 
"Rothamsted VCU" "http://www.era.rothamsted.ac.uk/images/metadata/rbk1/acid-ind.jpg" "acid-ind" "Other" "rbk1" 
"Rothamsted VCU" "http://www.era.rothamsted.ac.uk/images/metadata/rbk1/archives-1.jpg" "archives-1" "Other" "rbk1" 
"Rothamsted VCU" "http://www.era.rothamsted.ac.uk/images/metadata/rbk1/archives-2.jpg" "archives-2" "Other" "rbk1" 
"Rothamsted VCU" "http://www.era.rothamsted.ac.uk/images/metadata/rbk1/bbk49.gif" "bbk49.gif" "Other" "rbk1" 
"Rothamsted VCU" "http://www.era.rothamsted.ac.uk/images/metadata/rbk1/bbk49.jpg" "bbk49" "Other" "rbk1" 
"Rothamsted VCU" "http://www.era.rothamsted.ac.uk/images/metadata/rbk1/bk-grain-1945.jpg" "bk-grain-1945" "Other" "rbk1" 
"Rothamsted VCU" "http://www.era.rothamsted.ac.uk/images/metadata/rbk1/broadbalk.gif" "broadbalk.gif" "Other" "rbk1" 
"Rothamsted VCU" "http://www.era.rothamsted.ac.uk/images/metadata/rbk1/broadbalk2003.jpg" "broadbalk2003" "Other" "rbk1" 
"Rothamsted VCU" "http://www.era.rothamsted.ac.uk/images/metadata/rbk1/broadbalkplantoday.jpg" "broadbalkplantoday" "Other" "rbk1" 
"Rothamsted VCU" "http://www.era.rothamsted.ac.uk/images/metadata/rbk1/broadbalkplantoday.pdf" "broadbalkplantoday.pdf" "Other" "rbk1" 
"Rothamsted VCU" "http://www.era.rothamsted.ac.uk/images/metadata/rbk1/colour-analyser.jpg" "colour-analyser" "Other" "rbk1" 
"Rothamsted VCU" "http://www.era.rothamsted.ac.uk/images/metadata/rbk1/condrometer-half-litre.jpg" "condrometer-half-litre" "Other" "rbk1" 
"Rothamsted VCU" "http://www.era.rothamsted.ac.uk/images/metadata/rbk1/condrometer-litre.jpg" "condrometer-litre" "Other" "rbk1" 
"Rothamsted VCU" "http://www.era.rothamsted.ac.uk/images/metadata/rbk1/galium-tricornutum-broadbalk-200.png" "galium-tricornutum-broadbalk-200.png" "Other" "rbk1" 
"Rothamsted VCU" "http://www.era.rothamsted.ac.uk/images/metadata/rbk1/grain-counter.jpg" "grain-counter" "Other" "rbk1" 
"Rothamsted VCU" "http://www.era.rothamsted.ac.uk/images/metadata/rbk1/groundsel.jpg" "groundsel" "Other" "rbk1" 
"Rothamsted VCU" "http://www.era.rothamsted.ac.uk/images/metadata/rbk1/hfn.jpg" "hfn" "Other" "rbk1" 
"Rothamsted VCU" "http://www.era.rothamsted.ac.uk/images/metadata/rbk1/icp-oes.jpg" "icp-oes" "Other" "rbk1" 
"Rothamsted VCU" "http://www.era.rothamsted.ac.uk/images/metadata/rbk1/icp.jpg" "icp" "Other" "rbk1" 
"Rothamsted VCU" "http://www.era.rothamsted.ac.uk/images/metadata/rbk1/leco.jpg" "leco" "Other" "rbk1" 
"Rothamsted VCU" "http://www.era.rothamsted.ac.uk/images/metadata/rbk1/mass-spec.jpg" "mass-spec" "Other" "rbk1" 
"Rothamsted VCU" "http://www.era.rothamsted.ac.uk/images/metadata/rbk1/narrow-fruited-cornsalad.jpg" "narrow-fruited-cornsalad" "Other" "rbk1" 
"Rothamsted VCU" "http://www.era.rothamsted.ac.uk/images/metadata/rbk1/posterMacDonald.jpg" "posterMacDonald" "Other" "rbk1" 
"Rothamsted VCU" "http://www.era.rothamsted.ac.uk/images/metadata/rbk1/posterMacdonald.pdf" "posterMacdonald.pdf" "Other" "rbk1" 
"Rothamsted VCU" "http://www.era.rothamsted.ac.uk/images/metadata/rbk1/rothamsted-farm-plan.jpg" "rothamsted-farm-plan" "Other" "rbk1" 
"Rothamsted VCU" "http://www.era.rothamsted.ac.uk/images/metadata/rbk1/soilsmap-orig.png" "soilsmap-orig.png" "Other" "rbk1" 
"Rothamsted VCU" "http://www.era.rothamsted.ac.uk/images/metadata/rbk1/soilsmap-ty.png" "soilsmap-ty.png" "Other" "rbk1" 
"Rothamsted VCU" "http://www.era.rothamsted.ac.uk/images/metadata/rbk1/straw-cut.jpg" "straw-cut" "Other" "rbk1" 
"Rothamsted VCU" "http://www.era.rothamsted.ac.uk/images/metadata/rbk1/straw.jpg" "straw" "Other" "rbk1" 
"Rothamsted VCU" "http://www.era.rothamsted.ac.uk/images/metadata/rbk1/tiny-broadbalk.gif" "tiny-broadbalk.gif" "Other" "rbk1" 
"Rothamsted VCU" "http://www.era.rothamsted.ac.uk/images/metadata/rbk1/ty-1623-map.jpg" "ty-1623-map" "Other" "rbk1" 
"Rothamsted VCU" "http://www.era.rothamsted.ac.uk/images/metadata/rbk1/ty-1935horseharvest.gif" "ty-1935horseharvest.gif" "Other" "rbk1" 
"Rothamsted VCU" "http://www.era.rothamsted.ac.uk/images/metadata/rbk1/ty-1935tractoharvest.gif" "ty-1935tractoharvest.gif" "Other" "rbk1" 
"Rothamsted VCU" "http://www.era.rothamsted.ac.uk/images/metadata/rbk1/ty-Aerial-pic-3.34.jpg" "ty-Aerial-pic-3.34" "Other" "rbk1" 
"Rothamsted VCU" "http://www.era.rothamsted.ac.uk/images/metadata/rbk1/ty-BBKtoday.jpg" "ty-BBKtoday" "Other" "rbk1" 
"Rothamsted VCU" "http://www.era.rothamsted.ac.uk/images/metadata/rbk1/ty-BFRMicrodochium.jpg" "ty-BFRMicrodochium" "Other" "rbk1" 
"Rothamsted VCU" "http://www.era.rothamsted.ac.uk/images/metadata/rbk1/ty-Black-medick.jpg" "ty-Black-medick" "Other" "rbk1" 
"Rothamsted VCU" "http://www.era.rothamsted.ac.uk/images/metadata/rbk1/ty-Blackgrass.jpg" "ty-Blackgrass" "Other" "rbk1" 
"Rothamsted VCU" "http://www.era.rothamsted.ac.uk/images/metadata/rbk1/ty-Broadbalk-sampling-1943a.jpg" "ty-Broadbalk-sampling-1943a" "Other" "rbk1" 
"Rothamsted VCU" "http://www.era.rothamsted.ac.uk/images/metadata/rbk1/ty-Broadbalk-sampling-1943c.jpg" "ty-Broadbalk-sampling-1943c" "Other" "rbk1" 
"Rothamsted VCU" "http://www.era.rothamsted.ac.uk/images/metadata/rbk1/ty-Broadbalk-sampling-PL-RH.jpg" "ty-Broadbalk-sampling-PL-RH" "Other" "rbk1" 
"Rothamsted VCU" "http://www.era.rothamsted.ac.uk/images/metadata/rbk1/ty-Broadbalk-sampling-SM.jpg" "ty-Broadbalk-sampling-SM" "Other" "rbk1" 
"Rothamsted VCU" "http://www.era.rothamsted.ac.uk/images/metadata/rbk1/ty-Broadbalk-wheat-elevated-view.jpg" "ty-Broadbalk-wheat-elevated-view" "Other" "rbk1" 
"Rothamsted VCU" "http://www.era.rothamsted.ac.uk/images/metadata/rbk1/ty-Broadbalk1954Section5.gif" "ty-Broadbalk1954Section5.gif" "Other" "rbk1" 
"Rothamsted VCU" "http://www.era.rothamsted.ac.uk/images/metadata/rbk1/ty-Broadbalk20August.gif" "ty-Broadbalk20August.gif" "Other" "rbk1" 
"Rothamsted VCU" "http://www.era.rothamsted.ac.uk/images/metadata/rbk1/ty-Broadbalkharvest1880.jpg" "ty-Broadbalkharvest1880" "Other" "rbk1" 
"Rothamsted VCU" "http://www.era.rothamsted.ac.uk/images/metadata/rbk1/ty-Chickweed-macro.jpg" "ty-Chickweed-macro" "Other" "rbk1" 
"Rothamsted VCU" "http://www.era.rothamsted.ac.uk/images/metadata/rbk1/ty-Chickweed.jpg" "ty-Chickweed" "Other" "rbk1" 
"Rothamsted VCU" "http://www.era.rothamsted.ac.uk/images/metadata/rbk1/ty-Cleavers.jpg" "ty-Cleavers" "Other" "rbk1" 
"Rothamsted VCU" "http://www.era.rothamsted.ac.uk/images/metadata/rbk1/ty-Common-vetch.jpg" "ty-Common-vetch" "Other" "rbk1" 
"Rothamsted VCU" "http://www.era.rothamsted.ac.uk/images/metadata/rbk1/ty-Corn-buttercup.jpg" "ty-Corn-buttercup" "Other" "rbk1" 
"Rothamsted VCU" "http://www.era.rothamsted.ac.uk/images/metadata/rbk1/ty-Creeping-thistle.jpg" "ty-Creeping-thistle" "Other" "rbk1" 
"Rothamsted VCU" "http://www.era.rothamsted.ac.uk/images/metadata/rbk1/ty-Drilling-Broadbalk-2013.jpg" "ty-Drilling-Broadbalk-2013" "Other" "rbk1" 
"Rothamsted VCU" "http://www.era.rothamsted.ac.uk/images/metadata/rbk1/ty-Dwarf-spurge.jpg" "ty-Dwarf-spurge" "Other" "rbk1" 
"Rothamsted VCU" "http://www.era.rothamsted.ac.uk/images/metadata/rbk1/ty-ESlesions.jpg" "ty-ESlesions" "Other" "rbk1" 
"Rothamsted VCU" "http://www.era.rothamsted.ac.uk/images/metadata/rbk1/ty-ESlodging.jpg" "ty-ESlodging" "Other" "rbk1" 
"Rothamsted VCU" "http://www.era.rothamsted.ac.uk/images/metadata/rbk1/ty-Eyespot3.jpg" "ty-Eyespot3" "Other" "rbk1" 
"Rothamsted VCU" "http://www.era.rothamsted.ac.uk/images/metadata/rbk1/ty-Field-forget-me-not.jpg" "ty-Field-forget-me-not" "Other" "rbk1" 
"Rothamsted VCU" "http://www.era.rothamsted.ac.uk/images/metadata/rbk1/ty-Field-poppy.jpg" "ty-Field-poppy" "Other" "rbk1" 
"Rothamsted VCU" "http://www.era.rothamsted.ac.uk/images/metadata/rbk1/ty-Fine-leaved-sandwort.jpg" "ty-Fine-leaved-sandwort" "Other" "rbk1" 
"Rothamsted VCU" "http://www.era.rothamsted.ac.uk/images/metadata/rbk1/ty-Fools-parsley.jpg" "ty-Fools-parsley" "Other" "rbk1" 
"Rothamsted VCU" "http://www.era.rothamsted.ac.uk/images/metadata/rbk1/ty-Horsetails-DSCN6796.jpg" "ty-Horsetails-DSCN6796" "Other" "rbk1" 
"Rothamsted VCU" "http://www.era.rothamsted.ac.uk/images/metadata/rbk1/ty-LargeTApatches.jpg" "ty-LargeTApatches" "Other" "rbk1" 
"Rothamsted VCU" "http://www.era.rothamsted.ac.uk/images/metadata/rbk1/ty-Meadow-vetchling.jpg" "ty-Meadow-vetchling" "Other" "rbk1" 
"Rothamsted VCU" "http://www.era.rothamsted.ac.uk/images/metadata/rbk1/ty-Non-herbicide-wheat-plot.jpg" "ty-Non-herbicide-wheat-plot" "Other" "rbk1" 
"Rothamsted VCU" "http://www.era.rothamsted.ac.uk/images/metadata/rbk1/ty-Plot-21.jpg" "ty-Plot-21" "Other" "rbk1" 
"Rothamsted VCU" "http://www.era.rothamsted.ac.uk/images/metadata/rbk1/ty-Plot-3.jpg" "ty-Plot-3" "Other" "rbk1" 
"Rothamsted VCU" "http://www.era.rothamsted.ac.uk/images/metadata/rbk1/ty-Ploughing-Broadbalk-2013.jpg" "ty-Ploughing-Broadbalk-2013" "Other" "rbk1" 
"Rothamsted VCU" "http://www.era.rothamsted.ac.uk/images/metadata/rbk1/ty-SESApril.jpg" "ty-SESApril" "Other" "rbk1" 
"Rothamsted VCU" "http://www.era.rothamsted.ac.uk/images/metadata/rbk1/ty-Section-8-sign.jpg" "ty-Section-8-sign" "Other" "rbk1" 
"Rothamsted VCU" "http://www.era.rothamsted.ac.uk/images/metadata/rbk1/ty-Section-8.jpg" "ty-Section-8" "Other" "rbk1" 
"Rothamsted VCU" "http://www.era.rothamsted.ac.uk/images/metadata/rbk1/ty-SevereBFRFusarium.jpg" "ty-SevereBFRFusarium" "Other" "rbk1" 
"Rothamsted VCU" "http://www.era.rothamsted.ac.uk/images/metadata/rbk1/ty-SevereES.jpg" "ty-SevereES" "Other" "rbk1" 
"Rothamsted VCU" "http://www.era.rothamsted.ac.uk/images/metadata/rbk1/ty-SevereTakeAll1.jpg" "ty-SevereTakeAll1" "Other" "rbk1" 
"Rothamsted VCU" "http://www.era.rothamsted.ac.uk/images/metadata/rbk1/ty-SharpESstraw.jpg" "ty-SharpESstraw" "Other" "rbk1" 
"Rothamsted VCU" "http://www.era.rothamsted.ac.uk/images/metadata/rbk1/ty-Shepherd's-needle.jpg" "ty-Shepherd's-needle" "Other" "rbk1" 
"Rothamsted VCU" "http://www.era.rothamsted.ac.uk/images/metadata/rbk1/ty-Tractorplough1935.gif" "ty-Tractorplough1935.gif" "Other" "rbk1" 
"Rothamsted VCU" "http://www.era.rothamsted.ac.uk/images/metadata/rbk1/ty-TypicalESlesions.jpg" "ty-TypicalESlesions" "Other" "rbk1" 
"Rothamsted VCU" "http://www.era.rothamsted.ac.uk/images/metadata/rbk1/ty-Venus-looking-glass.jpg" "ty-Venus-looking-glass" "Other" "rbk1" 
"Rothamsted VCU" "http://www.era.rothamsted.ac.uk/images/metadata/rbk1/ty-acid-ind.jpg" "ty-acid-ind" "Other" "rbk1" 
"Rothamsted VCU" "http://www.era.rothamsted.ac.uk/images/metadata/rbk1/ty-archives-1.jpg" "ty-archives-1" "Other" "rbk1" 
"Rothamsted VCU" "http://www.era.rothamsted.ac.uk/images/metadata/rbk1/ty-archives-2.jpg" "ty-archives-2" "Other" "rbk1" 
"Rothamsted VCU" "http://www.era.rothamsted.ac.uk/images/metadata/rbk1/ty-bbk49.gif" "ty-bbk49.gif" "Other" "rbk1" 
"Rothamsted VCU" "http://www.era.rothamsted.ac.uk/images/metadata/rbk1/ty-bk-grain-1945.jpg" "ty-bk-grain-1945" "Other" "rbk1" 
"Rothamsted VCU" "http://www.era.rothamsted.ac.uk/images/metadata/rbk1/ty-broadbalk.gif" "ty-broadbalk.gif" "Other" "rbk1" 
"Rothamsted VCU" "http://www.era.rothamsted.ac.uk/images/metadata/rbk1/ty-broadbalk2003.gif" "ty-broadbalk2003.gif" "Other" "rbk1" 
"Rothamsted VCU" "http://www.era.rothamsted.ac.uk/images/metadata/rbk1/ty-broadbalkplantoday.jpg" "ty-broadbalkplantoday" "Other" "rbk1" 
"Rothamsted VCU" "http://www.era.rothamsted.ac.uk/images/metadata/rbk1/ty-colour-analyser.jpg" "ty-colour-analyser" "Other" "rbk1" 
"Rothamsted VCU" "http://www.era.rothamsted.ac.uk/images/metadata/rbk1/ty-condrometer-half-litre.jpg" "ty-condrometer-half-litre" "Other" "rbk1" 
"Rothamsted VCU" "http://www.era.rothamsted.ac.uk/images/metadata/rbk1/ty-condrometer-litre.jpg" "ty-condrometer-litre" "Other" "rbk1" 
"Rothamsted VCU" "http://www.era.rothamsted.ac.uk/images/metadata/rbk1/ty-galium-tricornutum-broadbalk.png" "ty-galium-tricornutum-broadbalk.png" "Other" "rbk1" 
"Rothamsted VCU" "http://www.era.rothamsted.ac.uk/images/metadata/rbk1/ty-grain-counter.jpg" "ty-grain-counter" "Other" "rbk1" 
"Rothamsted VCU" "http://www.era.rothamsted.ac.uk/images/metadata/rbk1/ty-groundsel.jpg" "ty-groundsel" "Other" "rbk1" 
"Rothamsted VCU" "http://www.era.rothamsted.ac.uk/images/metadata/rbk1/ty-hfn.jpg" "ty-hfn" "Other" "rbk1" 
"Rothamsted VCU" "http://www.era.rothamsted.ac.uk/images/metadata/rbk1/ty-icp-oes.jpg" "ty-icp-oes" "Other" "rbk1" 
"Rothamsted VCU" "http://www.era.rothamsted.ac.uk/images/metadata/rbk1/ty-icp.jpg" "ty-icp" "Other" "rbk1" 
"Rothamsted VCU" "http://www.era.rothamsted.ac.uk/images/metadata/rbk1/ty-leco.jpg" "ty-leco" "Other" "rbk1" 
"Rothamsted VCU" "http://www.era.rothamsted.ac.uk/images/metadata/rbk1/ty-mass-spec.jpg" "ty-mass-spec" "Other" "rbk1" 
"Rothamsted VCU" "http://www.era.rothamsted.ac.uk/images/metadata/rbk1/ty-narrow-fruited-cornsalad.jpg" "ty-narrow-fruited-cornsalad" "Other" "rbk1" 
"Rothamsted VCU" "http://www.era.rothamsted.ac.uk/images/metadata/rbk1/ty-posterMacDonald.jpg" "ty-posterMacDonald" "Other" "rbk1" 
"Rothamsted VCU" "http://www.era.rothamsted.ac.uk/images/metadata/rbk1/ty-posterMacDonald.png" "ty-posterMacDonald.png" "Other" "rbk1" 
"Rothamsted VCU" "http://www.era.rothamsted.ac.uk/images/metadata/rbk1/ty-rothamsted-farm-plan.jpg" "ty-rothamsted-farm-plan" "Other" "rbk1" 
"Rothamsted VCU" "http://www.era.rothamsted.ac.uk/images/metadata/rbk1/ty-straw-cut.jpg" "ty-straw-cut" "Other" "rbk1" 
"Rothamsted VCU" "http://www.era.rothamsted.ac.uk/images/metadata/rbk1/ty-wheat-ears.jpg" "ty-wheat-ears" "Other" "rbk1" 
"Rothamsted VCU" "http://www.era.rothamsted.ac.uk/images/metadata/rbk1/ty-wheat-green.jpg" "ty-wheat-green" "Other" "rbk1" 
"Rothamsted VCU" "http://www.era.rothamsted.ac.uk/images/metadata/rbk1/ty-wheat-ripe.jpg" "ty-wheat-ripe" "Other" "rbk1" 
"Rothamsted VCU" "http://www.era.rothamsted.ac.uk/images/metadata/rbk1/ty-wheat-seeds.jpg" "ty-wheat-seeds" "Other" "rbk1" 
"Rothamsted VCU" "http://www.era.rothamsted.ac.uk/images/metadata/rbk1/ty-winnower-sieve.jpg" "ty-winnower-sieve" "Other" "rbk1" 
"Rothamsted VCU" "http://www.era.rothamsted.ac.uk/images/metadata/rbk1/ty1623-map.jpg" "ty1623-map" "Other" "rbk1" 
"Rothamsted VCU" "http://www.era.rothamsted.ac.uk/images/metadata/rbk1/wheat-ears.jpg" "wheat-ears" "Other" "rbk1" 
"Rothamsted VCU" "http://www.era.rothamsted.ac.uk/images/metadata/rbk1/wheat-green.jpg" "wheat-green" "Other" "rbk1" 
"Rothamsted VCU" "http://www.era.rothamsted.ac.uk/images/metadata/rbk1/wheat-ripe.jpg" "wheat-ripe" "Other" "rbk1" 
"Rothamsted VCU" "http://www.era.rothamsted.ac.uk/images/metadata/rbk1/wheat-seeds.jpg" "wheat-seeds" "Other" "rbk1" 
"Rothamsted VCU" "http://www.era.rothamsted.ac.uk/images/metadata/rbk1/winnower-sieve.jpg" "winnower-sieve" "Other" "rbk1" 

"Rothamsted VCU" "http://www.era.rothamsted.ac.uk/images/metadata/rex4/1623-map.jpg" "1623-map" "Other" "rex4" 
"Rothamsted VCU" "http://www.era.rothamsted.ac.uk/images/metadata/rex4/Classical-Experiments-aerial-layout-750.jpg" "Classical-Experiments-aerial-layout-750" "Other" "rex4" 
"Rothamsted VCU" "http://www.era.rothamsted.ac.uk/images/metadata/rex4/Exhasution-Land-Fig-7-of-Guide.PNG" "Exhasution-Land-Fig-7-of-Guide.PNG" "Other" "rex4" 
"Rothamsted VCU" "http://www.era.rothamsted.ac.uk/images/metadata/rex4/Exhaustion-Land-fig-6-of-guide.PNG" "Exhaustion-Land-fig-6-of-guide.PNG" "Other" "rex4" 
"Rothamsted VCU" "http://www.era.rothamsted.ac.uk/images/metadata/rex4/Exhaustion-Land-fig-6-of-guide.jpg" "Exhaustion-Land-fig-6-of-guide" "Other" "rex4" 
"Rothamsted VCU" "http://www.era.rothamsted.ac.uk/images/metadata/rex4/Exhaustion-land-P-and-K-inputs-1986-onwards.pdf" "Exhaustion-land-P-and-K-inputs-1986-onwards.pdf" "Other" "rex4" 
"Rothamsted VCU" "http://www.era.rothamsted.ac.uk/images/metadata/rex4/Fertilizer-treatments-1986-92.pdf" "Fertilizer-treatments-1986-92.pdf" "Other" "rex4" 
"Rothamsted VCU" "http://www.era.rothamsted.ac.uk/images/metadata/rex4/Fertilizer-treatments-1993-99.pdf" "Fertilizer-treatments-1993-99.pdf" "Other" "rex4" 
"Rothamsted VCU" "http://www.era.rothamsted.ac.uk/images/metadata/rex4/Fertilizer-treatments-2000-06.pdf" "Fertilizer-treatments-2000-06.pdf" "Other" "rex4" 
"Rothamsted VCU" "http://www.era.rothamsted.ac.uk/images/metadata/rex4/Fertilizer-treatments-Phase-III.pdf" "Fertilizer-treatments-Phase-III.pdf" "Other" "rex4" 
"Rothamsted VCU" "http://www.era.rothamsted.ac.uk/images/metadata/rex4/Fertilizer-treatments-Phase-V-2007-.pdf" "Fertilizer-treatments-Phase-V-2007-.pdf" "Other" "rex4" 
"Rothamsted VCU" "http://www.era.rothamsted.ac.uk/images/metadata/rex4/Fertilizer-treatments-cropping-Phase-I-II.pdf" "Fertilizer-treatments-cropping-Phase-I-II.pdf" "Other" "rex4" 
"Rothamsted VCU" "http://www.era.rothamsted.ac.uk/images/metadata/rex4/Hoosfield-625.jpg" "Hoosfield-625" "Other" "rex4" 
"Rothamsted VCU" "http://www.era.rothamsted.ac.uk/images/metadata/rex4/Hoosfield-LTEs-750.jpg" "Hoosfield-LTEs-750" "Other" "rex4" 
"Rothamsted VCU" "http://www.era.rothamsted.ac.uk/images/metadata/rex4/Layout-total-nutrients-applied-Phase-I.pdf" "Layout-total-nutrients-applied-Phase-I.pdf" "Other" "rex4" 
"Rothamsted VCU" "http://www.era.rothamsted.ac.uk/images/metadata/rex4/Overview.pdf" "Overview.pdf" "Other" "rex4" 
"Rothamsted VCU" "http://www.era.rothamsted.ac.uk/images/metadata/rex4/ty-1623-map.jpg" "ty-1623-map" "Other" "rex4" 
"Rothamsted VCU" "http://www.era.rothamsted.ac.uk/images/metadata/rex4/ty-Classical-Experiments-aerial-layout-100.jpg" "ty-Classical-Experiments-aerial-layout-100" "Other" "rex4" 
"Rothamsted VCU" "http://www.era.rothamsted.ac.uk/images/metadata/rex4/ty-Hoosfield-100.jpg" "ty-Hoosfield-100" "Other" "rex4" 
"Rothamsted VCU" "http://www.era.rothamsted.ac.uk/images/metadata/rex4/ty-Hoosfield-750.jpg" "ty-Hoosfield-750" "Other" "rex4" 
"Rothamsted VCU" "http://www.era.rothamsted.ac.uk/images/metadata/rex4/ty-Hoosfield-LTEs-100.jpg" "ty-Hoosfield-LTEs-100" "Other" "rex4" 
"Rothamsted VCU" "http://www.era.rothamsted.ac.uk/images/metadata/rex4/wheatandfallow.jpg" "wheatandfallow" "Other" "rex4" 
"Rothamsted VCU" "http://www.era.rothamsted.ac.uk/images/metadata/rex4/wheatandfallowsmall.jpg" "wheatandfallowsmall" "Other" "rex4" 

"Rothamsted VCU" "http://www.era.rothamsted.ac.uk/images/metadata/rgc8/Wheat-and-fallow-varieties.pdf" "Wheat-and-fallow-varieties.pdf" "Other" "rgc8" 
"Rothamsted VCU" "http://www.era.rothamsted.ac.uk/images/metadata/rgc8/Wheat-fallow-plans.pdf" "Wheat-fallow-plans.pdf" "Other" "rgc8" 
"Rothamsted VCU" "http://www.era.rothamsted.ac.uk/images/metadata/rgc8/wheatandfallow.jpg" "wheatandfallow" "Other" "rgc8" 
"Rothamsted VCU" "http://www.era.rothamsted.ac.uk/images/metadata/rgc8/wheatandfallowsmall.jpg" "wheatandfallowsmall" "Other" "rgc8" 

"Rothamsted VCU" "http://www.era.rothamsted.ac.uk/images/metadata/rhb2/1623-map.jpg" "1623-map" "Other" "rhb2" 
"Rothamsted VCU" "http://www.era.rothamsted.ac.uk/images/metadata/rhb2/1648HistoricfarmHoosfield17August-1925.jpg" "1648HistoricfarmHoosfield17August-1925" "Other" "rhb2" 
"Rothamsted VCU" "http://www.era.rothamsted.ac.uk/images/metadata/rhb2/5472-Aerial-Photographs-2016-Long-Hoos-03-(2).jpg" "5472-Aerial-Photographs-2016-Long-Hoos-03-(2)" "Other" "rhb2" 
"Rothamsted VCU" "http://www.era.rothamsted.ac.uk/images/metadata/rhb2/5551AerialPhotographs2016LongHoos001.jpg" "5551AerialPhotographs2016LongHoos001" "Other" "rhb2" 
"Rothamsted VCU" "http://www.era.rothamsted.ac.uk/images/metadata/rhb2/HFcropping-sequence-N-rates-rotation-1968-78.pdf" "HFcropping-sequence-N-rates-rotation-1968-78.pdf" "Other" "rhb2" 
"Rothamsted VCU" "http://www.era.rothamsted.ac.uk/images/metadata/rhb2/HFplan1852-1967.pdf" "HFplan1852-1967.pdf" "Other" "rhb2" 
"Rothamsted VCU" "http://www.era.rothamsted.ac.uk/images/metadata/rhb2/HFplan1968-1978.pdf" "HFplan1968-1978.pdf" "Other" "rhb2" 
"Rothamsted VCU" "http://www.era.rothamsted.ac.uk/images/metadata/rhb2/HFplan1979-2000.pdf" "HFplan1979-2000.pdf" "Other" "rhb2" 
"Rothamsted VCU" "http://www.era.rothamsted.ac.uk/images/metadata/rhb2/Hoosfertilizertrt.pdf" "Hoosfertilizertrt.pdf" "Other" "rhb2" 
"Rothamsted VCU" "http://www.era.rothamsted.ac.uk/images/metadata/rhb2/Hoosfield-SOC-chart.pdf" "Hoosfield-SOC-chart.pdf" "Other" "rhb2" 
"Rothamsted VCU" "http://www.era.rothamsted.ac.uk/images/metadata/rhb2/Hoosfield-Yield-June-2017.pdf" "Hoosfield-Yield-June-2017.pdf" "Other" "rhb2" 
"Rothamsted VCU" "http://www.era.rothamsted.ac.uk/images/metadata/rhb2/Hoosfield-Yield-figure.pdf" "Hoosfield-Yield-figure.pdf" "Other" "rhb2" 
"Rothamsted VCU" "http://www.era.rothamsted.ac.uk/images/metadata/rhb2/Hoosfield-crop-nutrients-available-1964-1999.pdf" "Hoosfield-crop-nutrients-available-1964-1999.pdf" "Other" "rhb2" 
"Rothamsted VCU" "http://www.era.rothamsted.ac.uk/images/metadata/rhb2/Hoosfield-crop-nutrients-available-1964-2000.pdf" "Hoosfield-crop-nutrients-available-1964-2000.pdf" "Other" "rhb2" 
"Rothamsted VCU" "http://www.era.rothamsted.ac.uk/images/metadata/rhb2/Hoosfield-crop-nutrients-available-2001-onwards.pdf" "Hoosfield-crop-nutrients-available-2001-onwards.pdf" "Other" "rhb2" 
"Rothamsted VCU" "http://www.era.rothamsted.ac.uk/images/metadata/rhb2/Hoosfield-varieties.pdf" "Hoosfield-varieties.pdf" "Other" "rhb2" 
"Rothamsted VCU" "http://www.era.rothamsted.ac.uk/images/metadata/rhb2/Hoosfield-yield-June-2017.PNG" "Hoosfield-yield-June-2017.PNG" "Other" "rhb2" 
"Rothamsted VCU" "http://www.era.rothamsted.ac.uk/images/metadata/rhb2/Hoosfield1925BW.jpg" "Hoosfield1925BW" "Other" "rhb2" 
"Rothamsted VCU" "http://www.era.rothamsted.ac.uk/images/metadata/rhb2/Hoosfieldplan1852-1967.pdf" "Hoosfieldplan1852-1967.pdf" "Other" "rhb2" 
"Rothamsted VCU" "http://www.era.rothamsted.ac.uk/images/metadata/rhb2/Hoosfieldplan1968-2000.pdf" "Hoosfieldplan1968-2000.pdf" "Other" "rhb2" 
"Rothamsted VCU" "http://www.era.rothamsted.ac.uk/images/metadata/rhb2/Measurements-of-Hoosfield-soil-properties-1852.pdf" "Measurements-of-Hoosfield-soil-properties-1852.pdf" "Other" "rhb2" 
"Rothamsted VCU" "http://www.era.rothamsted.ac.uk/images/metadata/rhb2/Treatments-2001onwards.pdf" "Treatments-2001onwards.pdf" "Other" "rhb2" 
"Rothamsted VCU" "http://www.era.rothamsted.ac.uk/images/metadata/rhb2/acid-ind.jpg" "acid-ind" "Other" "rhb2" 
"Rothamsted VCU" "http://www.era.rothamsted.ac.uk/images/metadata/rhb2/aerialhoosfield.jpg" "aerialhoosfield" "Other" "rhb2" 
"Rothamsted VCU" "http://www.era.rothamsted.ac.uk/images/metadata/rhb2/anemometer.jpg" "anemometer" "Other" "rhb2" 
"Rothamsted VCU" "http://www.era.rothamsted.ac.uk/images/metadata/rhb2/archives-1.jpg" "archives-1" "Other" "rhb2" 
"Rothamsted VCU" "http://www.era.rothamsted.ac.uk/images/metadata/rhb2/archives-2.jpg" "archives-2" "Other" "rhb2" 
"Rothamsted VCU" "http://www.era.rothamsted.ac.uk/images/metadata/rhb2/hfn.jpg" "hfn" "Other" "rhb2" 
"Rothamsted VCU" "http://www.era.rothamsted.ac.uk/images/metadata/rhb2/hoos-field-yield-openaccess.jpg" "hoos-field-yield-openaccess" "Other" "rhb2" 
"Rothamsted VCU" "http://www.era.rothamsted.ac.uk/images/metadata/rhb2/hoos-original.png" "hoos-original.png" "Other" "rhb2" 
"Rothamsted VCU" "http://www.era.rothamsted.ac.uk/images/metadata/rhb2/hoos-small-80.png" "hoos-small-80.png" "Other" "rhb2" 
"Rothamsted VCU" "http://www.era.rothamsted.ac.uk/images/metadata/rhb2/hoos-small.png" "hoos-small.png" "Other" "rhb2" 
"Rothamsted VCU" "http://www.era.rothamsted.ac.uk/images/metadata/rhb2/hoosfield1925.gif" "hoosfield1925.gif" "Other" "rhb2" 
"Rothamsted VCU" "http://www.era.rothamsted.ac.uk/images/metadata/rhb2/hoosfieldplan2008.gif" "hoosfieldplan2008.gif" "Other" "rhb2" 
"Rothamsted VCU" "http://www.era.rothamsted.ac.uk/images/metadata/rhb2/hoosfieldplan2008.jpg" "hoosfieldplan2008" "Other" "rhb2" 
"Rothamsted VCU" "http://www.era.rothamsted.ac.uk/images/metadata/rhb2/hoosfieldtoday.gif" "hoosfieldtoday.gif" "Other" "rhb2" 
"Rothamsted VCU" "http://www.era.rothamsted.ac.uk/images/metadata/rhb2/hoosfieldtoday.jpg" "hoosfieldtoday" "Other" "rhb2" 
"Rothamsted VCU" "http://www.era.rothamsted.ac.uk/images/metadata/rhb2/hoosfieldtoday.pdf" "hoosfieldtoday.pdf" "Other" "rhb2" 
"Rothamsted VCU" "http://www.era.rothamsted.ac.uk/images/metadata/rhb2/icp-oes.jpg" "icp-oes" "Other" "rhb2" 
"Rothamsted VCU" "http://www.era.rothamsted.ac.uk/images/metadata/rhb2/icp.jpg" "icp" "Other" "rhb2" 
"Rothamsted VCU" "http://www.era.rothamsted.ac.uk/images/metadata/rhb2/leco.jpg" "leco" "Other" "rhb2" 
"Rothamsted VCU" "http://www.era.rothamsted.ac.uk/images/metadata/rhb2/mass-spec.jpg" "mass-spec" "Other" "rhb2" 
"Rothamsted VCU" "http://www.era.rothamsted.ac.uk/images/metadata/rhb2/solar.jpg" "solar" "Other" "rhb2" 
"Rothamsted VCU" "http://www.era.rothamsted.ac.uk/images/metadata/rhb2/test-Hoos-small-Capture.PNG" "test-Hoos-small-Capture.PNG" "Other" "rhb2" 
"Rothamsted VCU" "http://www.era.rothamsted.ac.uk/images/metadata/rhb2/ty-1623-map.jpg" "ty-1623-map" "Other" "rhb2" 
"Rothamsted VCU" "http://www.era.rothamsted.ac.uk/images/metadata/rhb2/ty-acid-ind.jpg" "ty-acid-ind" "Other" "rhb2" 
"Rothamsted VCU" "http://www.era.rothamsted.ac.uk/images/metadata/rhb2/ty-aerialhoosfield.jpg" "ty-aerialhoosfield" "Other" "rhb2" 
"Rothamsted VCU" "http://www.era.rothamsted.ac.uk/images/metadata/rhb2/ty-archives-1.jpg" "ty-archives-1" "Other" "rhb2" 
"Rothamsted VCU" "http://www.era.rothamsted.ac.uk/images/metadata/rhb2/ty-archives-2.jpg" "ty-archives-2" "Other" "rhb2" 
"Rothamsted VCU" "http://www.era.rothamsted.ac.uk/images/metadata/rhb2/ty-hfn.jpg" "ty-hfn" "Other" "rhb2" 
"Rothamsted VCU" "http://www.era.rothamsted.ac.uk/images/metadata/rhb2/ty-hoosfield1925.gif" "ty-hoosfield1925.gif" "Other" "rhb2" 
"Rothamsted VCU" "http://www.era.rothamsted.ac.uk/images/metadata/rhb2/ty-hoosfieldplan2008.gif" "ty-hoosfieldplan2008.gif" "Other" "rhb2" 
"Rothamsted VCU" "http://www.era.rothamsted.ac.uk/images/metadata/rhb2/ty-hoosfieldtoday.jpg" "ty-hoosfieldtoday" "Other" "rhb2" 
"Rothamsted VCU" "http://www.era.rothamsted.ac.uk/images/metadata/rhb2/ty-icp-oes.jpg" "ty-icp-oes" "Other" "rhb2" 
"Rothamsted VCU" "http://www.era.rothamsted.ac.uk/images/metadata/rhb2/ty-icp.jpg" "ty-icp" "Other" "rhb2" 
"Rothamsted VCU" "http://www.era.rothamsted.ac.uk/images/metadata/rhb2/ty-leco.jpg" "ty-leco" "Other" "rhb2" 
"Rothamsted VCU" "http://www.era.rothamsted.ac.uk/images/metadata/rhb2/ty-mass-spec.jpg" "ty-mass-spec" "Other" "rhb2" 
"Rothamsted VCU" "http://www.era.rothamsted.ac.uk/images/metadata/rhb2/ty1623-map.jpg" "ty1623-map" "Other" "rhb2" 

"Rothamsted VCU" "http://www.era.rothamsted.ac.uk/images/metadata/rpg5/01-pg2015-2ndcut-cutting.jpg" "01-pg2015-2ndcut-cutting" "Other" "rpg5" 
"Rothamsted VCU" "http://www.era.rothamsted.ac.uk/images/metadata/rpg5/02-pg2015-2ndcut-raking.jpg" "02-pg2015-2ndcut-raking" "Other" "rpg5" 
"Rothamsted VCU" "http://www.era.rothamsted.ac.uk/images/metadata/rpg5/03-pg2015-2ndcut-weighing.jpg" "03-pg2015-2ndcut-weighing" "Other" "rpg5" 
"Rothamsted VCU" "http://www.era.rothamsted.ac.uk/images/metadata/rpg5/04-pg2015-2ndcut-scales.jpg" "04-pg2015-2ndcut-scales" "Other" "rpg5" 
"Rothamsted VCU" "http://www.era.rothamsted.ac.uk/images/metadata/rpg5/05-pg2015-2ndcut-strip.jpg" "05-pg2015-2ndcut-strip" "Other" "rpg5" 
"Rothamsted VCU" "http://www.era.rothamsted.ac.uk/images/metadata/rpg5/06-pg2015-2ndcut-processing.jpg" "06-pg2015-2ndcut-processing" "Other" "rpg5" 
"Rothamsted VCU" "http://www.era.rothamsted.ac.uk/images/metadata/rpg5/07-pg2015-2ndcut-wetweight.jpg" "07-pg2015-2ndcut-wetweight" "Other" "rpg5" 
"Rothamsted VCU" "http://www.era.rothamsted.ac.uk/images/metadata/rpg5/08-pg2015-2ndcut-sampleboxes.jpg" "08-pg2015-2ndcut-sampleboxes" "Other" "rpg5" 
"Rothamsted VCU" "http://www.era.rothamsted.ac.uk/images/metadata/rpg5/09-pg2015-2ndcut-driedsamples.jpg" "09-pg2015-2ndcut-driedsamples" "Other" "rpg5" 
"Rothamsted VCU" "http://www.era.rothamsted.ac.uk/images/metadata/rpg5/10-pg2015-2ndcut-labelledsampletins.jpg" "10-pg2015-2ndcut-labelledsampletins" "Other" "rpg5" 
"Rothamsted VCU" "http://www.era.rothamsted.ac.uk/images/metadata/rpg5/1623-map.jpg" "1623-map" "Other" "rpg5" 
"Rothamsted VCU" "http://www.era.rothamsted.ac.uk/images/metadata/rpg5/1709-Park-Grass-aerial-parkgrass.jpg" "1709-Park-Grass-aerial-parkgrass" "Other" "rpg5" 
"Rothamsted VCU" "http://www.era.rothamsted.ac.uk/images/metadata/rpg5/23May2005aerial-low.jpg" "23May2005aerial-low" "Other" "rpg5" 
"Rothamsted VCU" "http://www.era.rothamsted.ac.uk/images/metadata/rpg5/3008-Park-Grass-aerial-23-May-2005-f.jpg" "3008-Park-Grass-aerial-23-May-2005-f" "Other" "rpg5" 
"Rothamsted VCU" "http://www.era.rothamsted.ac.uk/images/metadata/rpg5/3008-Park-Grass-aerial-23-May-2005-p.jpg" "3008-Park-Grass-aerial-23-May-2005-p" "Other" "rpg5" 
"Rothamsted VCU" "http://www.era.rothamsted.ac.uk/images/metadata/rpg5/PG11-2dand12d09JUNE05j.jpg" "PG11-2dand12d09JUNE05j" "Other" "rpg5" 
"Rothamsted VCU" "http://www.era.rothamsted.ac.uk/images/metadata/rpg5/PG1865.jpg" "PG1865" "Other" "rpg5" 
"Rothamsted VCU" "http://www.era.rothamsted.ac.uk/images/metadata/rpg5/PG1881.jpg" "PG1881" "Other" "rpg5" 
"Rothamsted VCU" "http://www.era.rothamsted.ac.uk/images/metadata/rpg5/PG1961.jpg" "PG1961" "Other" "rpg5" 
"Rothamsted VCU" "http://www.era.rothamsted.ac.uk/images/metadata/rpg5/PG20June05b.jpg" "PG20June05b" "Other" "rpg5" 
"Rothamsted VCU" "http://www.era.rothamsted.ac.uk/images/metadata/rpg5/PG20June05g.jpg" "PG20June05g" "Other" "rpg5" 
"Rothamsted VCU" "http://www.era.rothamsted.ac.uk/images/metadata/rpg5/PG20June05k.jpg" "PG20June05k" "Other" "rpg5" 
"Rothamsted VCU" "http://www.era.rothamsted.ac.uk/images/metadata/rpg5/PG20June05n.jpg" "PG20June05n" "Other" "rpg5" 
"Rothamsted VCU" "http://www.era.rothamsted.ac.uk/images/metadata/rpg5/PGMay1990Plot1close-up.jpg" "PGMay1990Plot1close-up" "Other" "rpg5" 
"Rothamsted VCU" "http://www.era.rothamsted.ac.uk/images/metadata/rpg5/PGMay1990Plots14.2v1.jpg" "PGMay1990Plots14.2v1" "Other" "rpg5" 
"Rothamsted VCU" "http://www.era.rothamsted.ac.uk/images/metadata/rpg5/PGMay1999Plot14.1v14.2.jpg" "PGMay1999Plot14.1v14.2" "Other" "rpg5" 
"Rothamsted VCU" "http://www.era.rothamsted.ac.uk/images/metadata/rpg5/PGMay1999Plot3close-up.jpg" "PGMay1999Plot3close-up" "Other" "rpg5" 
"Rothamsted VCU" "http://www.era.rothamsted.ac.uk/images/metadata/rpg5/Park-Grass-150th-Anniversary-leaflet.pdf" "Park-Grass-150th-Anniversary-leaflet.pdf" "Other" "rpg5" 
"Rothamsted VCU" "http://www.era.rothamsted.ac.uk/images/metadata/rpg5/Park-Grass-2016.png" "Park-Grass-2016.png" "Other" "rpg5" 
"Rothamsted VCU" "http://www.era.rothamsted.ac.uk/images/metadata/rpg5/Park-Grass-Chalk-Applics-1960-2009.pdf" "Park-Grass-Chalk-Applics-1960-2009.pdf" "Other" "rpg5" 
"Rothamsted VCU" "http://www.era.rothamsted.ac.uk/images/metadata/rpg5/Park-Grass-Chalk-Applics-1960-2009old.pdf" "Park-Grass-Chalk-Applics-1960-2009old.pdf" "Other" "rpg5" 
"Rothamsted VCU" "http://www.era.rothamsted.ac.uk/images/metadata/rpg5/Park-Grass-Chalk-Applics-1965-2009.pdf" "Park-Grass-Chalk-Applics-1965-2009.pdf" "Other" "rpg5" 
"Rothamsted VCU" "http://www.era.rothamsted.ac.uk/images/metadata/rpg5/Park-Grass-Conference-Hand-out.pdf" "Park-Grass-Conference-Hand-out.pdf" "Other" "rpg5" 
"Rothamsted VCU" "http://www.era.rothamsted.ac.uk/images/metadata/rpg5/Park-Grass-Lime-Chalk-Applics1856-1902.pdf" "Park-Grass-Lime-Chalk-Applics1856-1902.pdf" "Other" "rpg5" 
"Rothamsted VCU" "http://www.era.rothamsted.ac.uk/images/metadata/rpg5/Park-Grass-Lime-Chalk-Applics1903-1964.pdf" "Park-Grass-Lime-Chalk-Applics1903-1964.pdf" "Other" "rpg5" 
"Rothamsted VCU" "http://www.era.rothamsted.ac.uk/images/metadata/rpg5/Park-Grass-Plot-2-timeline.pdf" "Park-Grass-Plot-2-timeline.pdf" "Other" "rpg5" 
"Rothamsted VCU" "http://www.era.rothamsted.ac.uk/images/metadata/rpg5/Park-Grass-Species-Chart-2016.jpg" "Park-Grass-Species-Chart-2016" "Other" "rpg5" 
"Rothamsted VCU" "http://www.era.rothamsted.ac.uk/images/metadata/rpg5/Park-Grass-Species-Chart-2016.pdf" "Park-Grass-Species-Chart-2016.pdf" "Other" "rpg5" 
"Rothamsted VCU" "http://www.era.rothamsted.ac.uk/images/metadata/rpg5/Park-Grass-Species-Chart-2016.png" "Park-Grass-Species-Chart-2016.png" "Other" "rpg5" 
"Rothamsted VCU" "http://www.era.rothamsted.ac.uk/images/metadata/rpg5/Park-Grass-fertilizer-treatments.pdf" "Park-Grass-fertilizer-treatments.pdf" "Other" "rpg5" 
"Rothamsted VCU" "http://www.era.rothamsted.ac.uk/images/metadata/rpg5/Park-Grass-lime-treatments.pdf" "Park-Grass-lime-treatments.pdf" "Other" "rpg5" 
"Rothamsted VCU" "http://www.era.rothamsted.ac.uk/images/metadata/rpg5/Park-Grass-pH-2016.jpg" "Park-Grass-pH-2016" "Other" "rpg5" 
"Rothamsted VCU" "http://www.era.rothamsted.ac.uk/images/metadata/rpg5/Park-Grass-pH-2016.pdf" "Park-Grass-pH-2016.pdf" "Other" "rpg5" 
"Rothamsted VCU" "http://www.era.rothamsted.ac.uk/images/metadata/rpg5/Park-Grass-pH-2016.png" "Park-Grass-pH-2016.png" "Other" "rpg5" 
"Rothamsted VCU" "http://www.era.rothamsted.ac.uk/images/metadata/rpg5/Park-Grass-plan-1856-1902.pdf" "Park-Grass-plan-1856-1902.pdf" "Other" "rpg5" 
"Rothamsted VCU" "http://www.era.rothamsted.ac.uk/images/metadata/rpg5/Park-Grass-plan-1903-1964.pdf" "Park-Grass-plan-1903-1964.pdf" "Other" "rpg5" 
"Rothamsted VCU" "http://www.era.rothamsted.ac.uk/images/metadata/rpg5/Park-Grass-plan-1965-onwards.pdf" "Park-Grass-plan-1965-onwards.pdf" "Other" "rpg5" 
"Rothamsted VCU" "http://www.era.rothamsted.ac.uk/images/metadata/rpg5/ParkGrass-GenomicObservatory.pdf" "ParkGrass-GenomicObservatory.pdf" "Other" "rpg5" 
"Rothamsted VCU" "http://www.era.rothamsted.ac.uk/images/metadata/rpg5/ParkGrass-med.png" "ParkGrass-med.png" "Other" "rpg5" 
"Rothamsted VCU" "http://www.era.rothamsted.ac.uk/images/metadata/rpg5/ParkGrass.PNG" "ParkGrass.PNG" "Other" "rpg5" 
"Rothamsted VCU" "http://www.era.rothamsted.ac.uk/images/metadata/rpg5/ParkGrassPlan.pdf" "ParkGrassPlan.pdf" "Other" "rpg5" 
"Rothamsted VCU" "http://www.era.rothamsted.ac.uk/images/metadata/rpg5/ParkGrassSpeciesChart.pdf" "ParkGrassSpeciesChart.pdf" "Other" "rpg5" 
"Rothamsted VCU" "http://www.era.rothamsted.ac.uk/images/metadata/rpg5/Plot-2-time-line.JPG" "Plot-2-time-line.JPG" "Other" "rpg5" 
"Rothamsted VCU" "http://www.era.rothamsted.ac.uk/images/metadata/rpg5/Sorting1930s.jpg" "Sorting1930s" "Other" "rpg5" 
"Rothamsted VCU" "http://www.era.rothamsted.ac.uk/images/metadata/rpg5/images.txt" "images.txt" "Other" "rpg5" 
"Rothamsted VCU" "http://www.era.rothamsted.ac.uk/images/metadata/rpg5/june16-2015-pg-aerial.jpg" "june16-2015-pg-aerial" "Other" "rpg5" 
"Rothamsted VCU" "http://www.era.rothamsted.ac.uk/images/metadata/rpg5/metasoil-diagram.png" "metasoil-diagram.png" "Other" "rpg5" 
"Rothamsted VCU" "http://www.era.rothamsted.ac.uk/images/metadata/rpg5/park-grass-today.jpg" "park-grass-today" "Other" "rpg5" 
"Rothamsted VCU" "http://www.era.rothamsted.ac.uk/images/metadata/rpg5/park-grass-today.pdf" "park-grass-today.pdf" "Other" "rpg5" 
"Rothamsted VCU" "http://www.era.rothamsted.ac.uk/images/metadata/rpg5/parkgrass2006.pdf" "parkgrass2006.pdf" "Other" "rpg5" 
"Rothamsted VCU" "http://www.era.rothamsted.ac.uk/images/metadata/rpg5/parkgrassharvest.gif" "parkgrassharvest.gif" "Other" "rpg5" 
"Rothamsted VCU" "http://www.era.rothamsted.ac.uk/images/metadata/rpg5/parkgrassharvest.jpg" "parkgrassharvest" "Other" "rpg5" 
"Rothamsted VCU" "http://www.era.rothamsted.ac.uk/images/metadata/rpg5/parkgrassharvest2.jpg" "parkgrassharvest2" "Other" "rpg5" 
"Rothamsted VCU" "http://www.era.rothamsted.ac.uk/images/metadata/rpg5/storkeyFig4.jpg" "storkeyFig4" "Other" "rpg5" 
"Rothamsted VCU" "http://www.era.rothamsted.ac.uk/images/metadata/rpg5/ty-01-pg2015-2ndcut-cutting.jpg" "ty-01-pg2015-2ndcut-cutting" "Other" "rpg5" 
"Rothamsted VCU" "http://www.era.rothamsted.ac.uk/images/metadata/rpg5/ty-02-pg2015-2ndcut-raking.jpg" "ty-02-pg2015-2ndcut-raking" "Other" "rpg5" 
"Rothamsted VCU" "http://www.era.rothamsted.ac.uk/images/metadata/rpg5/ty-03-pg2015-2ndcut-weighing.jpg" "ty-03-pg2015-2ndcut-weighing" "Other" "rpg5" 
"Rothamsted VCU" "http://www.era.rothamsted.ac.uk/images/metadata/rpg5/ty-04-pg2015-2ndcut-scales.jpg" "ty-04-pg2015-2ndcut-scales" "Other" "rpg5" 
"Rothamsted VCU" "http://www.era.rothamsted.ac.uk/images/metadata/rpg5/ty-05-pg2015-2ndcut-strip.jpg" "ty-05-pg2015-2ndcut-strip" "Other" "rpg5" 
"Rothamsted VCU" "http://www.era.rothamsted.ac.uk/images/metadata/rpg5/ty-06-pg2015-2ndcut-processing.jpg" "ty-06-pg2015-2ndcut-processing" "Other" "rpg5" 
"Rothamsted VCU" "http://www.era.rothamsted.ac.uk/images/metadata/rpg5/ty-07-pg2015-2ndcut-wetweight.jpg" "ty-07-pg2015-2ndcut-wetweight" "Other" "rpg5" 
"Rothamsted VCU" "http://www.era.rothamsted.ac.uk/images/metadata/rpg5/ty-08-pg2015-2ndcut-sampleboxes.jpg" "ty-08-pg2015-2ndcut-sampleboxes" "Other" "rpg5" 
"Rothamsted VCU" "http://www.era.rothamsted.ac.uk/images/metadata/rpg5/ty-09-pg2015-2ndcut-driedsamples.jpg" "ty-09-pg2015-2ndcut-driedsamples" "Other" "rpg5" 
"Rothamsted VCU" "http://www.era.rothamsted.ac.uk/images/metadata/rpg5/ty-10-pg2015-2ndcut-labelledsampletins.jpg" "ty-10-pg2015-2ndcut-labelledsampletins" "Other" "rpg5" 
"Rothamsted VCU" "http://www.era.rothamsted.ac.uk/images/metadata/rpg5/ty-1623-map.jpg" "ty-1623-map" "Other" "rpg5" 
"Rothamsted VCU" "http://www.era.rothamsted.ac.uk/images/metadata/rpg5/ty-23-May-2005-aerial.jpg" "ty-23-May-2005-aerial" "Other" "rpg5" 
"Rothamsted VCU" "http://www.era.rothamsted.ac.uk/images/metadata/rpg5/ty-PG11-2dand12d09JUNE05j.jpg" "ty-PG11-2dand12d09JUNE05j" "Other" "rpg5" 
"Rothamsted VCU" "http://www.era.rothamsted.ac.uk/images/metadata/rpg5/ty-PG1865.jpg" "ty-PG1865" "Other" "rpg5" 
"Rothamsted VCU" "http://www.era.rothamsted.ac.uk/images/metadata/rpg5/ty-PG1881.jpg" "ty-PG1881" "Other" "rpg5" 
"Rothamsted VCU" "http://www.era.rothamsted.ac.uk/images/metadata/rpg5/ty-PG1961.jpg" "ty-PG1961" "Other" "rpg5" 
"Rothamsted VCU" "http://www.era.rothamsted.ac.uk/images/metadata/rpg5/ty-PG20June05b.jpg" "ty-PG20June05b" "Other" "rpg5" 
"Rothamsted VCU" "http://www.era.rothamsted.ac.uk/images/metadata/rpg5/ty-PG20June05g.jpg" "ty-PG20June05g" "Other" "rpg5" 
"Rothamsted VCU" "http://www.era.rothamsted.ac.uk/images/metadata/rpg5/ty-PG20June05k.jpg" "ty-PG20June05k" "Other" "rpg5" 
"Rothamsted VCU" "http://www.era.rothamsted.ac.uk/images/metadata/rpg5/ty-PG20June05n.jpg" "ty-PG20June05n" "Other" "rpg5" 
"Rothamsted VCU" "http://www.era.rothamsted.ac.uk/images/metadata/rpg5/ty-PGMay1990Plot1close-up.jpg" "ty-PGMay1990Plot1close-up" "Other" "rpg5" 
"Rothamsted VCU" "http://www.era.rothamsted.ac.uk/images/metadata/rpg5/ty-PGMay1990Plots14.2v1.jpg" "ty-PGMay1990Plots14.2v1" "Other" "rpg5" 
"Rothamsted VCU" "http://www.era.rothamsted.ac.uk/images/metadata/rpg5/ty-PGMay1999Plot14.1v14.2.jpg" "ty-PGMay1999Plot14.1v14.2" "Other" "rpg5" 
"Rothamsted VCU" "http://www.era.rothamsted.ac.uk/images/metadata/rpg5/ty-PGMay1999Plot3close-up.jpg" "ty-PGMay1999Plot3close-up" "Other" "rpg5" 
"Rothamsted VCU" "http://www.era.rothamsted.ac.uk/images/metadata/rpg5/ty-Sorting1930s.jpg" "ty-Sorting1930s" "Other" "rpg5" 
"Rothamsted VCU" "http://www.era.rothamsted.ac.uk/images/metadata/rpg5/ty-june16-2015-pg-aerial.jpg" "ty-june16-2015-pg-aerial" "Other" "rpg5" 
"Rothamsted VCU" "http://www.era.rothamsted.ac.uk/images/metadata/rpg5/ty-park-grass-today.jpg" "ty-park-grass-today" "Other" "rpg5" 
"Rothamsted VCU" "http://www.era.rothamsted.ac.uk/images/metadata/rpg5/ty-parkgrassharvest.jpg" "ty-parkgrassharvest" "Other" "rpg5" 


"Rothamsted VCU" "http://www.era.rothamsted.ac.uk/images/metadata/rwf3/Wheat-and-fallow-varieties.pdf" "Wheat-and-fallow-varieties.pdf" "Other" "rwf3" 
"Rothamsted VCU" "http://www.era.rothamsted.ac.uk/images/metadata/rwf3/Wheat-fallow-plans.pdf" "Wheat-fallow-plans.pdf" "Other" "rwf3" 
"Rothamsted VCU" "http://www.era.rothamsted.ac.uk/images/metadata/rwf3/wheatandfallow.jpg" "wheatandfallow" "Other" "rwf3" 
"Rothamsted VCU" "http://www.era.rothamsted.ac.uk/images/metadata/rwf3/wheatandfallowsmall.jpg" "wheatandfallowsmall" "Other" "rwf3" 

"Rothamsted VCU" "http://www.era.rothamsted.ac.uk/images/metadata/wilderness/1623-map.jpg" "1623-map" "Other" "wilderness" 
"Rothamsted VCU" "http://www.era.rothamsted.ac.uk/images/metadata/wilderness/5184-Aerial-photographs-of-Rothamsted-site-June-2013-Gees-Croft-01.jpg" "5184-Aerial-photographs-of-Rothamsted-site-June-2013-Gees-Croft-01" "Other" "wilderness" 
"Rothamsted VCU" "http://www.era.rothamsted.ac.uk/images/metadata/wilderness/6048-Broadbalk-Wilderness-Experiments-DSC-2352.jpg" "6048-Broadbalk-Wilderness-Experiments-DSC-2352" "Other" "wilderness" 
"Rothamsted VCU" "http://www.era.rothamsted.ac.uk/images/metadata/wilderness/750-Broadbalk-Wilderness-Carbon-Open-Access-Chart.png" "750-Broadbalk-Wilderness-Carbon-Open-Access-Chart.png" "Other" "wilderness" 
"Rothamsted VCU" "http://www.era.rothamsted.ac.uk/images/metadata/wilderness/750-Geescroft-wilderness-Carbon-Open-Access-Chart.png" "750-Geescroft-wilderness-Carbon-Open-Access-Chart.png" "Other" "wilderness" 
"Rothamsted VCU" "http://www.era.rothamsted.ac.uk/images/metadata/wilderness/Broadbalk-Wilderness-Carbon-Chart.pdf" "Broadbalk-Wilderness-Carbon-Chart.pdf" "Other" "wilderness" 
"Rothamsted VCU" "http://www.era.rothamsted.ac.uk/images/metadata/wilderness/Broadbalk-Wilderness-Carbon-Open-Access-Chart.png" "Broadbalk-Wilderness-Carbon-Open-Access-Chart.png" "Other" "wilderness" 
"Rothamsted VCU" "http://www.era.rothamsted.ac.uk/images/metadata/wilderness/Geescroft-Wilderness-Carbon-Chart.pdf" "Geescroft-Wilderness-Carbon-Chart.pdf" "Other" "wilderness" 
"Rothamsted VCU" "http://www.era.rothamsted.ac.uk/images/metadata/wilderness/Geescroft-Wilderness-Carbon-Open-Access-Chart.png" "Geescroft-Wilderness-Carbon-Open-Access-Chart.png" "Other" "wilderness" 
"Rothamsted VCU" "http://www.era.rothamsted.ac.uk/images/metadata/wilderness/bk-under-storey.jpg" "bk-under-storey" "Other" "wilderness" 
"Rothamsted VCU" "http://www.era.rothamsted.ac.uk/images/metadata/wilderness/bk-wilderness-leaf-litter-macro.jpg" "bk-wilderness-leaf-litter-macro" "Other" "wilderness" 
"Rothamsted VCU" "http://www.era.rothamsted.ac.uk/images/metadata/wilderness/broadbalk-aerial-with-wilderness-2015.jpg" "broadbalk-aerial-with-wilderness-2015" "Other" "wilderness" 
"Rothamsted VCU" "http://www.era.rothamsted.ac.uk/images/metadata/wilderness/broadbalk-wilderness-C-orig.png" "broadbalk-wilderness-C-orig.png" "Other" "wilderness" 
"Rothamsted VCU" "http://www.era.rothamsted.ac.uk/images/metadata/wilderness/broadbalk-wilderness-grazing-side.jpg" "broadbalk-wilderness-grazing-side" "Other" "wilderness" 
"Rothamsted VCU" "http://www.era.rothamsted.ac.uk/images/metadata/wilderness/broadbalk-wilderness-litter.jpg" "broadbalk-wilderness-litter" "Other" "wilderness" 
"Rothamsted VCU" "http://www.era.rothamsted.ac.uk/images/metadata/wilderness/broadbalk-wilderness-side.jpg" "broadbalk-wilderness-side" "Other" "wilderness" 
"Rothamsted VCU" "http://www.era.rothamsted.ac.uk/images/metadata/wilderness/broadbalk2003.jpg" "broadbalk2003" "Other" "wilderness" 
"Rothamsted VCU" "http://www.era.rothamsted.ac.uk/images/metadata/wilderness/broadbalkplantoday.jpg" "broadbalkplantoday" "Other" "wilderness" 
"Rothamsted VCU" "http://www.era.rothamsted.ac.uk/images/metadata/wilderness/broadbalkplantoday.pdf" "broadbalkplantoday.pdf" "Other" "wilderness" 
"Rothamsted VCU" "http://www.era.rothamsted.ac.uk/images/metadata/wilderness/gee-wilderness-leaf-litter-macro.jpg" "gee-wilderness-leaf-litter-macro" "Other" "wilderness" 
"Rothamsted VCU" "http://www.era.rothamsted.ac.uk/images/metadata/wilderness/geescroft-aerial.gif" "geescroft-aerial.gif" "Other" "wilderness" 
"Rothamsted VCU" "http://www.era.rothamsted.ac.uk/images/metadata/wilderness/geescroft-aerial.jpg" "geescroft-aerial" "Other" "wilderness" 
"Rothamsted VCU" "http://www.era.rothamsted.ac.uk/images/metadata/wilderness/geescroft-sideview.jpg" "geescroft-sideview" "Other" "wilderness" 
"Rothamsted VCU" "http://www.era.rothamsted.ac.uk/images/metadata/wilderness/geescroft-under-storey.jpg" "geescroft-under-storey" "Other" "wilderness" 
"Rothamsted VCU" "http://www.era.rothamsted.ac.uk/images/metadata/wilderness/geescroft-wilderness-C-orig.png" "geescroft-wilderness-C-orig.png" "Other" "wilderness" 
"Rothamsted VCU" "http://www.era.rothamsted.ac.uk/images/metadata/wilderness/geescroft-wilderness-aerial-2015.jpg" "geescroft-wilderness-aerial-2015" "Other" "wilderness" 
"Rothamsted VCU" "http://www.era.rothamsted.ac.uk/images/metadata/wilderness/rothamsted-farm-plan.jpg" "rothamsted-farm-plan" "Other" "wilderness" 
"Rothamsted VCU" "http://www.era.rothamsted.ac.uk/images/metadata/wilderness/ty-1623-map.jpg" "ty-1623-map" "Other" "wilderness" 
"Rothamsted VCU" "http://www.era.rothamsted.ac.uk/images/metadata/wilderness/ty-bk-under-storey.jpg" "ty-bk-under-storey" "Other" "wilderness" 
"Rothamsted VCU" "http://www.era.rothamsted.ac.uk/images/metadata/wilderness/ty-bk-wilderness-leaf-litter-macro.jpg" "ty-bk-wilderness-leaf-litter-macro" "Other" "wilderness" 
"Rothamsted VCU" "http://www.era.rothamsted.ac.uk/images/metadata/wilderness/ty-broadbalk-aerial-with-wilderness-2015.jpg" "ty-broadbalk-aerial-with-wilderness-2015" "Other" "wilderness" 
"Rothamsted VCU" "http://www.era.rothamsted.ac.uk/images/metadata/wilderness/ty-broadbalk-wilderness-grazing-side.jpg" "ty-broadbalk-wilderness-grazing-side" "Other" "wilderness" 
"Rothamsted VCU" "http://www.era.rothamsted.ac.uk/images/metadata/wilderness/ty-broadbalk-wilderness-litter.jpg" "ty-broadbalk-wilderness-litter" "Other" "wilderness" 
"Rothamsted VCU" "http://www.era.rothamsted.ac.uk/images/metadata/wilderness/ty-broadbalk-wilderness-side.jpg" "ty-broadbalk-wilderness-side" "Other" "wilderness" 
"Rothamsted VCU" "http://www.era.rothamsted.ac.uk/images/metadata/wilderness/ty-broadbalk2003.gif" "ty-broadbalk2003.gif" "Other" "wilderness" 
"Rothamsted VCU" "http://www.era.rothamsted.ac.uk/images/metadata/wilderness/ty-broadbalkplantoday.jpg" "ty-broadbalkplantoday" "Other" "wilderness" 
"Rothamsted VCU" "http://www.era.rothamsted.ac.uk/images/metadata/wilderness/ty-gee-wilderness-leaf-litter-macro.jpg" "ty-gee-wilderness-leaf-litter-macro" "Other" "wilderness" 
"Rothamsted VCU" "http://www.era.rothamsted.ac.uk/images/metadata/wilderness/ty-geescroft-aerial.gif" "ty-geescroft-aerial.gif" "Other" "wilderness" 
"Rothamsted VCU" "http://www.era.rothamsted.ac.uk/images/metadata/wilderness/ty-geescroft-aerial.jpg" "ty-geescroft-aerial" "Other" "wilderness" 
"Rothamsted VCU" "http://www.era.rothamsted.ac.uk/images/metadata/wilderness/ty-geescroft-sideview.jpg" "ty-geescroft-sideview" "Other" "wilderness" 
"Rothamsted VCU" "http://www.era.rothamsted.ac.uk/images/metadata/wilderness/ty-geescroft-under-storey.jpg" "ty-geescroft-under-storey" "Other" "wilderness" 
"Rothamsted VCU" "http://www.era.rothamsted.ac.uk/images/metadata/wilderness/ty-geescroft-wilderness-aerial-2015.jpg" "ty-geescroft-wilderness-aerial-2015" "Other" "wilderness" 
"Rothamsted VCU" "http://www.era.rothamsted.ac.uk/images/metadata/wilderness/ty-rothamsted-farm-plan.jpg" "ty-rothamsted-farm-plan" "Other" "wilderness" 
"Rothamsted VCU" "http://www.era.rothamsted.ac.uk/images/metadata/wilderness/ty-wilderness-litter-layer.jpg" "ty-wilderness-litter-layer" "Other" "wilderness" 
"Rothamsted VCU" "http://www.era.rothamsted.ac.uk/images/metadata/wilderness/wilderness-litter-layer.jpg" "wilderness-litter-layer" "Other" "wilderness" 

"Rothamsted VCU" "http://www.era.rothamsted.ac.uk/images/metadata/wrn3/Figure-1.pdf" "Figure-1.pdf" "Other" "wrn3" 
"Rothamsted VCU" "http://www.era.rothamsted.ac.uk/images/metadata/wrn3/Woburn-Farm-map-750.jpg" "Woburn-Farm-map-750" "Other" "wrn3" 
"Rothamsted VCU" "http://www.era.rothamsted.ac.uk/images/metadata/wrn3/Woburn-Fields-Stackyard-750.jpg" "Woburn-Fields-Stackyard-750" "Other" "wrn3" 
"Rothamsted VCU" "http://www.era.rothamsted.ac.uk/images/metadata/wrn3/Woburn-LTEs-750.jpg" "Woburn-LTEs-750" "Other" "wrn3" 
"Rothamsted VCU" "http://www.era.rothamsted.ac.uk/images/metadata/wrn3/Woburn-ley-arable-675.jpg" "Woburn-ley-arable-675" "Other" "wrn3" 
"Rothamsted VCU" "http://www.era.rothamsted.ac.uk/images/metadata/wrn3/ty-Woburn-Farm-map-100.jpg" "ty-Woburn-Farm-map-100" "Other" "wrn3" 
"Rothamsted VCU" "http://www.era.rothamsted.ac.uk/images/metadata/wrn3/ty-Woburn-Fields-Stackyard-100.jpg" "ty-Woburn-Fields-Stackyard-100" "Other" "wrn3" 
"Rothamsted VCU" "http://www.era.rothamsted.ac.uk/images/metadata/wrn3/ty-Woburn-LTEs-100.jpg" "ty-Woburn-LTEs-100" "Other" "wrn3" 